コロナ対応に「１か月２万円」で投入された医学生、中国で抗議デモ相次ぐ…「感染対策も不十分」,https://www.yomiuri.co.jp/world/20221217-OYT1T50167/
「乗り鉄」エマニュエル米大使、小湊鉄道を満喫「素晴らしい時間」…松野官房長官が地元案内,https://www.yomiuri.co.jp/politics/20221217-OYT1T50154/
留置場で１００時間拘束の男性死亡、父「動物以下の扱いで謝ってほしい」…愛知県警幹部と面会,https://www.yomiuri.co.jp/national/20221217-OYT1T50176/
能登半島で地震の頻発エリア拡大、地下の「水」が要因か…政府調査委「注視したい」,https://www.yomiuri.co.jp/science/20221217-OYT1T50158/
北海道の一般道、「固定式」オービス全て撤去…神出鬼没の「移動式」で速度抑止へ,https://www.yomiuri.co.jp/national/20221217-OYT1T50146/
中国は安保３文書に反発「脅威あおり対立引き起こす」…「反撃能力」に強い警戒感,https://www.yomiuri.co.jp/world/20221217-OYT1T50151/
「マスク氏のプライバシーを投稿」記者８人のアカウント停止…すぐに解除表明,https://www.yomiuri.co.jp/economy/20221217-OYT1T50150/
ルネサスの中国主力工場、感染者相次ぎ操業停止…「ゼロコロナ」転換で陽性者増加,https://www.yomiuri.co.jp/economy/20221217-OYT1T50121/
渋谷の公衆トイレ、利用中も丸見えに…寒さで特殊ガラスの「不透明機能」作動せず,https://www.yomiuri.co.jp/national/20221217-OYT1T50095/
バスタオルのミニが旬…５０×１００センチ主流、干しやすさ重視,https://www.yomiuri.co.jp/life/20221216-OYT8T50091/
日本と海外それぞれで受け付け中！　１２月１９日締め切り,https://www.yomiuri.co.jp/feature/top10news/
PR坂口憲二×セイコー プロスペックス　クロノグラフへの共感,https://adclick.g.doubleclick.net/pcs/click%253Fxai%253DAKAOjsvq8dhW6hgu-0uBO0mqRbmjSJb_N_14YYoekddYbr74V5tt8bbzDIsVG1ygOWuNSZmAR7fbcDrwLofI7cxjJQqCn3Um7rtQg2m7rntDnju1Yy1NMyNnWxGM-lsXwxwiX0McwxJF_VP-7bCbdOs_eGH3eM2fCUEky4ABVf6sRkJ-kVYP26iSM_4CSgsUh4mZoEGkLu_xAgIFLaZ-RDMQvxbabfaIFEM4sAhWwo3uK_oEZJl6TMdGOL7WEL76xL304ANP5BI-44uD5vh3e8mQdokY7XpTiGNemOyOepjtCstffh70Ruc4NMTIumFdVz64IlQ-M2YFe3IWnHq6nL2E-cOrQtc%2526sai%253DAMfl-YS-swiF9yM_1qLJhzzzMQSEZh6si6bBYoHuuRn8HlcVjqf58NUQ9hfCUSUbV5u3mWzNhcZMiMtJJwKj-Y_-kwkmxQd9F042i3_q9PQdNE1Noc3UrrSXNSxMy088E8qROTcOoaW-T4nCLDLwANNsj5g%2526sig%253DCg0ArKJSzJZID4cpQCruEAE%2526fbs_aeid%253D%255Bgw_fbsaeid%255D%2526urlfix%253D1%2526adurl%253Dhttps://yab.yomiuri.co.jp/adv/prospex2022/vol2.html?utm_source=yol&utm_medium=banner&utm_campaign=seiko_prospex_2211&utm_content=ad_thumbtext
PRドメイン名ってなんだろう？インターネットのしくみを学ぼう,https://adclick.g.doubleclick.net/pcs/click%253Fxai%253DAKAOjstsPNBa9rYqqfGaLQFZjHFVxu_waiiQdyeZiUP8xNyUsHpVS_RV6k47OEVli6lSM4CwvR2rHCRuQxUCZ4an86kWUBl6IV3jfCKIcMxbg9nWgJAWiq_KkKJRF6GswyJ-D5CW4W54s86MzBfzAdMleY26nQ3JpiQA9PpmtCUnlrmPOx-FJR6F9DwOmFzLcSTHF9FsSqy6CRc5oe3geq7H81IUd02vePeJ6sMxqUS3kMBb2QYfZzWzXN-hWk-SKHXobBdJyQYvzX7XFr72FkbYAhpPl7Sw67jHB3O5U9AQZIlTc9GXVdcrVv2gQefA6RfDjNhDCBCG1rfg_lcwWevoJXuOUTU%2526sai%253DAMfl-YRfpctUYX7kA1fobLVVfXa6bkoFjNg0Hq-TLoHGWlZAITe2S0rJ5ktJVLvOy2LY_HL5Q8jncBFvxfDapBL9ZuUkR730HJULWI5MA_zN0dIdy6sij6WE0PkVz3HWBOjB-CNyLh5TLadK5dDYSGCEw0E%2526sig%253DCg0ArKJSzCy7V6ugeMcSEAE%2526fbs_aeid%253D%255Bgw_fbsaeid%255D%2526urlfix%253D1%2526adurl%253Dhttps://yab.yomiuri.co.jp/adv/jprs_kurashi/?utm_source=yol&utm_medium=banner&utm_content=ad_infeed&utm_campaign=202212_JPRS
