,name,rank_url,youtube_url,start_date,discribe,subscriber_count,views
0,Junya.ã˜ã‚…ã‚“ã‚„,https://youtube-ranking.userlocal.jp/user/B8285F443D40BA50_41aeda,https://www.youtube.com/channel/UCjp_3PEaOau_nT_3vnqKIvg,2020-09-14ã€œ,"ã€A man beyond Justin Bieberã€ã‚¸ãƒ£ã‚¹ãƒ†ã‚£ãƒ³ãƒ“ãƒ¼ãƒãƒ¼ã‚’è¶…ãˆã‚‹ç”· This is the one and only Junya's official YouTube channel! Please subscribe to my channel and don't forget to turn on the notification button! If you want to send a gift, send them to the address below: ---","19,200,000","11,385,534,387"
1,Sagawa /ã•ãŒã‚,https://youtube-ranking.userlocal.jp/user/A2FAEC5707AB4B95_fd9fbb,https://www.youtube.com/channel/UCWaOde99oeUVoXbIj3SNu9g,2021-02-13ã€œ,ğŸŸ£TikTokğŸ‘‰ sagawa1gou ğŸŸ InstagramğŸ‘‰ sagawa1gou Sagawa/ã•ãŒã‚ã®å…¬å¼YouTubeãƒãƒ£ãƒ³ãƒãƒ«ã§ã™ï¼ ãƒãƒ£ãƒ³ãƒãƒ«ç™»éŒ²ã—ã¦ã€é€šçŸ¥ãƒœã‚¿ãƒ³ã‚’ã‚ªãƒ³ã«ã™ã‚‹ã“ã¨ã‚’å¿˜ã‚Œãªã„ã§ãã ã•ã„ï¼ This is the one and only Sagawa's official YouTube channel! Please subscribe to my channel and don't forget to turn on the notification button!,"15,300,000","13,016,262,852"
2,ã‚­ãƒƒã‚ºãƒ©ã‚¤ãƒ³â™¡Kids Line,https://youtube-ranking.userlocal.jp/user/runway19co_1cd4a4,https://www.youtube.com/channel/UCQs-tWGqacJ7vuuJDtXq28w,2011-11-26ã€œ,We enjoy making videos. Please enjoy yourself!! Blog https://ameblo.jp/kidsline All Content Â© 2022 ã‚­ãƒƒã‚ºãƒ©ã‚¤ãƒ³KidsLineâ„¢. All Rights Reserved,"12,600,000","10,978,346,589"
3,"ã›ã‚“ã‚‚ã‚‚ã‚ã„ã—ãƒ¼Ch Sen, Momo, Ai & Shii",https://youtube-ranking.userlocal.jp/user/oyabakatousan_3633db,https://www.youtube.com/channel/UCCKJzBnveLS7oLpS8Q4m2eg,2006-07-20ã€œ,"ã›ã‚“ã®ã™ã‘ãƒ»ã‚‚ã‚‚ã“ãƒ»ã‚ã„ã“ãƒ»ã—ã‚ã†ã®4å…„å¼Ÿã®ãƒãƒ£ãƒ³ãƒãƒ«ã§ã™ã€‚ ãŠã§ã‹ã‘ã€æˆé•·è¨˜éŒ²ãªã©ã€å®¶æ—ã®Vlogå‹•ç”»ã‚’æŠ•ç¨¿ã—ã¦ã¾ã™â˜† ã›ã‚“ã®ã™ã‘(ã­ã£ãã‚“) â™‚ 2006å¹´5æœˆ19æ—¥ç”Ÿã¾ã‚Œ Sennosuke â™‚ Date of Birth: May 19, 2006 ã‚‚ã‚‚ã“(ã‚‚ã¿ã€ã‚‚ã‚‚ã¡ã‚“) â™€ 2008å¹´5æœˆ23æ—¥ç”Ÿã¾ã‚Œ Momoko â™€ Date of Birth: May 23, 2008 ã‚ã„ã“(ã‚ã„ã¡ã‚ƒã‚“) â™€ 2014å¹´7æœˆ31æ—¥ç”Ÿã¾ã‚Œ Aiko â™€ Date of Birth: July 3","11,300,000","7,727,065,719"
4,HikakinTV,https://youtube-ranking.userlocal.jp/user/HikakinTV_8dac78,https://www.youtube.com/channel/UCZf__ehlCEBPop-_sldpBUQ,2011-07-19ã€œ,HikakinTVã¯ãƒ’ã‚«ã‚­ãƒ³ãŒé¢ç™½ã„ã‚‚ã®ã‚’ç´¹ä»‹ã™ã‚‹ãƒãƒ£ãƒ³ãƒãƒ«ã§ã™ã€‚ â—†ãƒ—ãƒ­ãƒ•ã‚£ãƒ¼ãƒ«â—† YouTubeã«ã¦HIKAKINã€HikakinTVã€HikakinGamesã€HikakinBlogã¨ 4ã¤ã®ãƒãƒ£ãƒ³ãƒãƒ«ã‚’é‹å–¶ã—ã€å‹•ç”»ã®ç·ã‚¢ã‚¯ã‚»ã‚¹æ•°ã¯150å„„å›ã‚’çªç ´ã€ ãƒãƒ£ãƒ³ãƒãƒ«ç™»éŒ²è€…æ•°ã¯è¨ˆ1800ä¸‡äººä»¥ä¸Šã€YouTubeã‚¿ãƒ¬ãƒ³ãƒˆäº‹å‹™æ‰€uuumæ ªå¼ä¼šç¤¾ãƒ•ã‚¡ã‚¦ãƒ³ãƒ€ãƒ¼å…¼æœ€é«˜é¡§å•ã€‚,"10,900,000","10,301,560,228"
5,ã¯ã˜ã‚ã—ã‚ƒã¡ã‚‡ãƒ¼,https://youtube-ranking.userlocal.jp/user/0214mex_85db0c,https://www.youtube.com/channel/UCgMPP6RRjktV7krOfyUewqw,2012-08-31ã€œ,å‹•ç”»ã‚’å‡ºã—ãŸã„æ™‚ã«ãƒ†ã‚­ãƒˆãƒ¼ã«ã‚¢ãƒƒãƒ—ãƒ­ãƒ¼ãƒ‰ã—ã¾ã™ã€‚ ã‚ªãƒ¼ãƒ«ã‚¸ãƒ£ãƒ³ãƒ«!!!!ãªã‚“ã§ã‚‚ã—ãŸã„ã“ã¨å‹•ç”»ã«ã—ã¦ã¾ã™!!! ãƒãƒ£ãƒ³ãƒãƒ«ç™»éŒ²ã—ã¦ãã‚Œã‚‹ã¨å–œã³ã¾ã™ï¼ Hello! My name is Hajime! I`m not a president. ã“ã‚“ã«ã¡ã¯!ã¯ã˜ã‚ã—ã‚ƒã¡ã‚‡ãƒ¼ã§ã™ã€‚ Please Subscribe!!!!!,"10,300,000","9,291,978,294"
6,Boram Tube Play,https://youtube-ranking.userlocal.jp/user/9AF77D57051DA680_2c0a68,https://www.youtube.com/channel/UCiNRSIR9eICh9A4hNBtpIyw,2008-01-25ã€œ,,"8,770,000","3,430,169,102"
7,Travel Thirsty,https://youtube-ranking.userlocal.jp/user/AEEADAFA04F19AAB_1de800,https://www.youtube.com/channel/UCHKVXtT1YBCYUnnr4apqXfg,2013-01-20ã€œ,ä¸–ç•Œä¸­ã®ç§ãŸã¡ã«å¾“ã£ã¦ãã ã•ã„ã€‚ ç´ æ™´ã‚‰ã—ã„æ™¯è‰²ã¨ç¾å‘³ã—ã„é£Ÿã¹ç‰©ï¼ æ¯é€±æ–°ã—ã„ãƒ“ãƒ‡ã‚ªã€‚ è³¼èª­ã‚’å¿˜ã‚Œãªã„ã§ãã ã•ã„ï¼,"7,870,000","3,530,560,864"
8,ISSEI / ã„ã£ã›ã„,https://youtube-ranking.userlocal.jp/user/EE3777280A4CBE3B_6084d2,https://www.youtube.com/channel/UC6QZ_ss3i_8qLV_RczPZBkw,2014-07-23ã€œ,I hope for a world where you can laugh with peace of mind. This is the one and only ISSEI's official YouTube channel! Make your smile with funny videos! I'm happy when you subscribe to the my channel! å¹³å’Œãªä¸–ç•Œã‚’é¡˜ã†ISSEIã®å…¬å¼YouTubeãƒãƒ£ãƒ³ãƒãƒ«ã§ã™! é¢ç™½ã„å‹•ç”»ã§ã‚ãªãŸã‚’ç¬‘é¡”ã«ã™ã‚‹ã“ã¨,"7,780,000","6,794,756,815"
9,Fischer's-ãƒ•ã‚£ãƒƒã‚·ãƒ£ãƒ¼ã‚º-,https://youtube-ranking.userlocal.jp/user/MASAIandHamzael_08ed7f,https://www.youtube.com/channel/UCibEhpu5HP45-w7Bq1ZIulw,2012-08-24ã€œ,"ãƒãƒ£ãƒ³ãƒãƒ«èª¬æ˜ã¯ã“ã¡ã‚‰âœ¨ é‡å¤–ã§éŠã‚“ã ã‚Šå®¤å†…ã§éŠã‚“ã ã‚Šã€‚æµ·å¤–ã¸å†’é™ºã—ãŸã‚Šã€‚æ™‚ã«ã¯æã‚ã—ã„å ´æ‰€ã¸â€¦ğŸ˜± ä¸­å­¦3å¹´ã®é ƒã«ã€Œæ€ã„å‡ºã€ã‚’å‹•ç”»ã«ã—ãŸäº‹ã‹ã‚‰å§‹ã¾ã£ãŸã€åŒç´šç”Ÿ6äººçµ„ã«ã‚ˆã‚‹æ€ã„å‡ºç³»ãƒãƒƒãƒˆãƒ‘ãƒ•ã‚©ãƒ¼ãƒãƒ¼ã§ã™ã€‚ YouTubeãªã©ã§æ´»å‹•ä¸­ï¼ãƒ•ã‚¡ãƒ³ã®å‘¼ç§°ã¯ã€Œã‚¦ã‚ªã‚¿ãƒŸã€æ±ºã¾ã‚Šæ–‡å¥ã¯ã€Œã‚¢ãƒ‡ãƒ¥ãƒ¼â€¼ï¸ã€ â– ã“ã‚Œã¾ã§ã®ã§ãã”ã¨ğŸ‰ 2010/02/25 ä¸­å­¦æ ¡å’æ¥­é–“è¿‘ã«ãƒ•ã‚£ãƒƒã‚·ãƒ£ãƒ¼ã‚ºçµæˆ 2012/08/24 å¤ã„ãƒãƒ£ãƒ³ãƒãƒ«ã‚’å‰Šé™¤ã—ã¦ã“ã®ãƒãƒ£ãƒ³ãƒãƒ«ã‚’é–‹è¨­ 2013/11/08 ãƒ•ã‚¡ãƒ³ã®ç·ç§° ""ã‚¦ã‚ªã‚¿ãƒŸ"" ã‚’æ±ºå®š 20","7,740,000","15,139,244,763"
10,ã‚¿ã‚­ãƒ­ãƒ³ Takilong Kids' Toys,https://youtube-ranking.userlocal.jp/user/TakiLong08_870191,https://www.youtube.com/channel/UCU7cVpD6RJIiWw7LUZVMuCQ,2014-08-13ã€œ,å‹•ç”»åˆ¶ä½œã‚„ä¼æ¥­æ¡ˆä»¶ãªã©ã®å•ã„åˆã‚ã›ã¯ãƒ¡ãƒ¼ãƒ«ã‚¢ãƒ‰ãƒ¬ã‚¹ã‹ã‚‰ãŠé¡˜ã„ã—ã¾ã™ Twitter https://twitter.com/takilong08,"7,560,000","2,943,453,429"
11,Nino's Home,https://youtube-ranking.userlocal.jp/user/838FD3C4D23217B7_3f4ab5,https://www.youtube.com/channel/UCKetFmtqdh-kn915crdf72A,2017-09-09ã€œ,"Hi, I'm Nino Nino's Home is my new channel, I will upload new videos on this channel. Please subscribe to support me. Thank you! All the recipes and dishes I have made are referenced and learned on the internet, youtube, google... I'm not the first t","7,500,000","774,456,982"
12,THE FIRST TAKE,https://youtube-ranking.userlocal.jp/user/B85723027C28BE0A_4eb54b,https://www.youtube.com/channel/UC9zY_E8mcAo_Oq772LEZq8Q,2019-11-05ã€œ,"A microphone and a white studio. And 1 rule. Youâ€™ve got 1 TAKE. ï¼¿ Your Music. Your Everything. All in this one take. THE FIRST TAKE Less Filter, More Music. â– ã€ŒTHE FIRST TAKEã€OFFICIAL Web Site: https://www.thefirsttake.jp/ Instagram: https://www.insta","7,070,000","2,609,299,016"
13,æ±æµ·ã‚ªãƒ³ã‚¨ã‚¢,https://youtube-ranking.userlocal.jp/user/TokaiOnAir_6107ad,https://www.youtube.com/channel/UCutJqz56653xV2wwSvut_hQ,2013-10-13ã€œ,ã©ã†ã‚‚ã€æ±æµ·ã‚ªãƒ³ã‚¨ã‚¢ã§ã™ã€‚ ãœã²ãƒãƒ£ãƒ³ãƒãƒ«ç™»éŒ²ãŠé¡˜ã„ã—ã¾ã™ï¼ ã‚µãƒ–ãƒãƒ£ãƒ³ãƒãƒ«ã€æ±æµ·ã‚ªãƒ³ã‚¨ã‚¢ã®æ§ãˆå®¤ã€‘ã‚‚ãœã²ãƒãƒ£ãƒ³ãƒãƒ«ç™»éŒ²ã—ã¦ã­ï¼ï¼ï¼ https://www.youtube.com/channel/UCynIYcsBwTrwBIecconPN2A æœ‰æ–™ãƒ¡ãƒ³ãƒãƒ¼ã‚·ãƒƒãƒ—ã®ç™»éŒ²ã¯ã“ã¡ã‚‰ã‹ã‚‰ï¼ https://www.youtube.com/channel/UCutJqz56653xV2wwSvut_hQ/join ãŠä»•äº‹ã®ä¾é ¼ã¯ã“ã¡ã‚‰ã‹ã‚‰ https://www.uuum.co.jp/inquiry_,"6,730,000","11,581,156,164"
14,Kenshi Yonezu ç±³æ´¥ç„å¸«,https://youtube-ranking.userlocal.jp/user/31D308F235B2AC00_0ff55a,https://www.youtube.com/channel/UCUCeZaZeJbEYAAzvMgrKOPQ,2010-03-31ã€œ,Kenshi Yonezu / HACHI Official Channel https://www.youtube.com/c/KenshiYonezuHACHI Musician / Illustrator Kenshi Yonezu is Real Name / HACHI is VOCALOID Producer Name,"6,550,000","4,541,868,564"
15,SUSHI RAMENã€Rikuã€‘,https://youtube-ranking.userlocal.jp/user/D281F8F553DE5670_48dc03,https://www.youtube.com/channel/UCljYHFazflmGaDr5Lo90KmA,2013-10-23ã€œ,ã€Œã‚¹ã‚¿ã‚¤ãƒªãƒƒã‚·ãƒ¥ã«ç«‹ã¡ä¸ŠãŒã‚‹è£…ç½®ã€ã‚’ç™ºæ˜ã—è‡ªã‚‰ä½¿ç”¨ã—ãŸæ‰€ã€â€è£…ç½®ãŒå¤§æš´ç™ºã—ã¦æƒ³åƒã‚’çµ¶ã™ã‚‹è¡æ’ƒãŒãŠå°»ã‚’ç›´æ’ƒã—10må¹ã£é£›ã‚“ã ãŒãƒ“ãƒƒã‚¯ãƒªã™ã‚‹ã»ã©ç„¡å‚·ã ã£ãŸâ€ã¨ã„ã†ä¼èª¬ã‚’æŒã¤ã€åå‰ãŒé©å½“ã™ãã‚‹YouTuberã€‚ ã“ã®ãƒãƒ£ãƒ³ãƒãƒ«ã®å‹•ç”»ã‚’è¦‹ã¾ãã£ã¦ã„ã‚‹ã¨ã€ã€Œã‚¿ãƒ³ã‚¹ã«å°æŒ‡ã‚’ã¶ã¤ã‘ãŸæ™‚è‹¥å¹²ã‚¿ãƒ³ã‚¹ã®è§’ãŒæŸ”ã‚‰ã‹ããªã‚‹ã€ã¨ã„ã†èª¿æŸ»çµæœãŒå‡ºã¦ã„ã¾ã™ï¼ˆå¯¾è±¡:ãã®è¾ºã®é‡çƒéƒ¨2äºº/æ–¹æ³•:ä¸æ„ã‚’ã¤ã) è²´æ®¿ã®ä»£ã‚ã‚Šã«ãƒ¯ã‚¯ãƒ¯ã‚¯ã™ã‚‹â€œæ–°ã—ã„è¨˜æ†¶â€ã‚’åœ°çƒã‹ã‚‰æ¢ã—ã¦å‚ã‚Šã¾ã™ãï¼ï¼ â—‰æŠ•ç¨¿æ—¥ æœˆã«é¬¼ã®1æœ¬ã€‚ 1æœ¬ã«å¯¾ã™ã‚‹â€æ°—åˆâ€ã¯ãƒ‘ãƒ¯,"6,450,000","1,821,790,752"
16,SMG4 // Glitch Productions,https://youtube-ranking.userlocal.jp/user/supermarioglitch_ba5eda,https://www.youtube.com/channel/UC8LcA3grYZg0GNpxlXh8owg,2009-02-14ã€œ,I make animated videos of Mario and random losers going on dumb adventures ğŸ New Episodes every Saturday 9am PT BUSINESS: business@glitchprod.com MERCH: http://glitchproductions.store,"6,360,000","3,414,677,751"
17,mania japansong,https://youtube-ranking.userlocal.jp/user/301DADDDD2AE2F88_fe66d6,https://www.youtube.com/channel/UCxFVJTRMGywDPDWNMrv69lg,2013-01-18ã€œ,"Disney toys, Chuggington, cars, love educational toys of Thomas the Tank Engine. Thomas the Tank Engine of Plarail series of toys, it is fun. A variety of toys, and I'm going to introduce. Lord, I think various toys of Thomas the Tank Engine is large","6,100,000","374,644,328"
18,avex,https://youtube-ranking.userlocal.jp/user/avexnetwork_a2ed10,https://www.youtube.com/channel/UC1oPBUWifc0QOOY8DEKhLuQ,2008-09-04ã€œ,avex groupã®æœ€æ–°Music Videoã¯YouTubeã®avex Channelã§ï¼,"5,910,000","9,590,472,049"
19,HikakinGames,https://youtube-ranking.userlocal.jp/user/HikakinGames_40b34e,https://www.youtube.com/channel/UCX1xppLvuj03ubLio8jslyA,2013-08-17ã€œ,HikakinGamesã¯ãƒ’ã‚«ã‚­ãƒ³ã®ã‚²ãƒ¼ãƒ å®Ÿæ³ãƒãƒ£ãƒ³ãƒãƒ«ã§ã™ã€‚ â—†ãƒ—ãƒ­ãƒ•ã‚£ãƒ¼ãƒ«â—† YouTubeã«ã¦HIKAKINã€HikakinTVã€HikakinGamesã€HikakinBlogã¨ 4ã¤ã®ãƒãƒ£ãƒ³ãƒãƒ«ã‚’é‹å–¶ã—ã€å‹•ç”»ã®ç·ã‚¢ã‚¯ã‚»ã‚¹æ•°ã¯100å„„å›ã‚’çªç ´ã€ ãƒãƒ£ãƒ³ãƒãƒ«ç™»éŒ²è€…æ•°ã¯è¨ˆ1800ä¸‡äººä»¥ä¸Šã€‚ YouTubeã‚¿ãƒ¬ãƒ³ãƒˆäº‹å‹™æ‰€uuumæ ªå¼ä¼šç¤¾ãƒ•ã‚¡ã‚¦ãƒ³ãƒ€ãƒ¼å…¼æœ€é«˜é¡§å•ã€‚,"5,700,000","7,127,784,668"
20,Yuka Kinoshitaæœ¨ä¸‹ã‚†ã†ã‹,https://youtube-ranking.userlocal.jp/user/kinoyuu0204_65dc79,https://www.youtube.com/channel/UCFTVNLC7ysej-sD5lkLqNGA,2014-05-21ã€œ,18æ™‚ã«ã‚¢ãƒƒãƒ—ã—ã¾ã™ï¼ ã“ã‚“ã«ã¡ã¯ã€æœ¨ä¸‹ã‚†ã†ã‹ã§ã™ï¼ é£Ÿã¹ã‚‹äº‹ãŒå¤§å¥½ãã§ã€å¤§é£Ÿã„ã®å‹•ç”»ã‚’ãƒ¡ã‚¤ãƒ³ã«æŠ•ç¨¿ã—ã¦ã„ã¾ã™ï¼ ãŸã¾ãƒ¼ã«ç§ç”Ÿæ´»ã«é–¢ã™ã‚‹å‹•ç”»ã‚„ãƒ¬ãƒ“ãƒ¥ãƒ¼å‹•ç”»ã‚‚ã‚¢ãƒƒãƒ—ã—ã¦ã¾ã™ã€‚ ã‚ˆã‚ã—ããŠé¡˜ã„ã—ã¾ã™ â–¼ Business Inquiries â–¼ã€€ ãŠä»•äº‹ã®ãŠå•ã„åˆã‚ã›ã¯ã‚³ãƒãƒ© ronmelme2021@gmail.com ãŠæ‰‹ç´™ãªã©ã¯ ã€’150-0044 æ±äº¬éƒ½æ¸‹è°·åŒºå††å±±ç”º28-1 æ¸‹è°·é“ç„å‚ã‚¹ã‚«ã‚¤ãƒ“ãƒ«8éš æ ªå¼ä¼šç¤¾ãƒˆãƒªãƒ‰ãƒª æœ¨ä¸‹ã‚†ã†ã‹å®› â€»å†·è”µãƒ»å†·å‡ãŒå¿…è¦ãªã€ãªã¾ç‰©ã®å—ä»˜ã¯ã§ãã¾ã›ã‚“ã€‚ ã¿ã‚„ãçµ†å¤§,"5,390,000","2,183,623,883"
21,è€é«˜èˆ‡å°èŒ‰ Mr & Mrs Gao,https://youtube-ranking.userlocal.jp/user/9EBD2E6EAA4B8D52_9c491f,https://www.youtube.com/channel/UCMUnInmOkrWN4gof9KlhNmQ,2014-11-18ã€œ,å¤§å®¶å¥½ï¼é€™è£¡æ˜¯ã€è€é«˜èˆ‡å°èŒ‰ Mr & Mrs Gaoã€‘é »é“ã€‚ åœ¨é€™å€‹é »é“é‡Œæˆ‘å€‘æœƒå®šæœŸæ›´æ–°æœ‰è¶£çš„å½±ç‰‡ï¼Œå¸Œæœ›å¤§å®¶èƒ½å¤ å–œæ­¡ã€‚ ä¸è¦å¿˜è¨˜è¨‚é–±æˆ‘å€‘å“¦ï¼ ä¸€æœƒå…’å½±ç‰‡é‡Œè¦‹å’¯ï¼,"5,330,000","1,530,516,927"
22,JunsKitchen,https://youtube-ranking.userlocal.jp/user/JunsKitchen_4c7b23,https://www.youtube.com/channel/UCRxAgfYexGLlu1WHGIMUDqw,2012-11-12ã€œ,"Thank you for visiting my channel! If you have a request, please leave a comment. :) I am not professional chef. I just like cooking. If you're also interested, I have an Instagram below, too. Thank you! My other channel (Rachel & Jun): https://www.y","5,320,000","382,652,207"
23,The Official PokÃ©mon YouTube channel,https://youtube-ranking.userlocal.jp/user/pokemon_75665b,https://www.youtube.com/channel/UCFctpiB_Hnlk3ejWfHqSm6Q,2005-09-16ã€œ,"Watch PokÃ©mon Video Game, Trading Card Game, and Animation content, along with special features, and event highlights right here on the official PokÃ©mon YouTube channel! Weâ€™ve been catching â€˜em all since 1996. For customer support, please visit https","5,100,000","1,682,454,618"
24,ã¯ã­ã¾ã‚Šãƒãƒ£ãƒ³ãƒãƒ«ãƒ»HANEMARI Channel,https://youtube-ranking.userlocal.jp/user/C77E60454BB47E74_eaedac,https://www.youtube.com/channel/UCPzqjzrvmSA9dVydRdAX6Xg,2014-08-27ã€œ,ã‚ˆã†ã“ãï½ã€Œã¯ã­ã¾ã‚Šã€ã®ä¸–ç•Œã¸ï½ï¼ã€Œã¯ã­ã¾ã‚Šãƒãƒ£ãƒ³ãƒãƒ«ã€ã§ã™ï¼ã¯ã­ã¡ã‚ƒã‚“ã€ã¾ã‚Šã¡ã‚ƒã‚“ã€ã¯ã­ã¾ã‚Šãƒ‘ãƒ‘ã‹ã‚‰ã€ãƒ•ã‚¡ãƒŸãƒªãƒ¼å‘ã‘å‹•ç”»ã‚’æŠ•ç¨¿ã—ã¦ã„ã¾ã™ã€‚ â– ãƒ†ãƒ¬ãƒ“ãƒ»TVCM ãƒ»2020å¹´3æœˆ LEGO Dots ãƒ†ãƒ¬ãƒ“CM ãƒ»2020å¹´10æœˆ æ—¥ãƒ†ãƒ¬ã€Œäººç”ŸãŒå¤‰ã‚ã‚‹1åˆ†é–“ã®æ·±ã‚¤ã‚¤è©±ã€ ãƒ»2021å¹´1æœˆãƒ»5æœˆãƒ»9æœˆ ãƒ•ã‚¸ãƒ†ãƒ¬ãƒ“ã€Œåƒé³¥ã®ã‚¯ã‚»ãŒã‚¹ã‚´ã„ãƒã‚¿GPã€3å›å‡ºæ¼” ãƒ»2021å¹´7æœˆ ãƒ†ãƒ¬æ±ã€ŒãŠã¯ã‚¹ã‚¿ã€ç”Ÿå‡ºæ¼” ãƒ»2022å¹´5æœˆ ãƒ†ãƒ¬æ±å“çƒå¡¾ ãƒ»2022å¹´9æœˆ ã‚¿ã‚«ãƒ©ãƒˆãƒŸãƒ¼ç¤¾TVCMå‡ºæ¼” â– ãƒ‰ãƒ©ãƒãƒ»èˆå° ãƒ»2020,"5,050,000","3,376,989,319"
25,ä¸­ç”°æ•¦å½¦ã®YouTubeå¤§å­¦ - NAKATA UNIVERSITY,https://youtube-ranking.userlocal.jp/user/F47380CE0FB6B948_f549ab,https://www.youtube.com/channel/UCFo4kqllbcQ4nV83WCyraiw,2018-02-06ã€œ,ä¸­ç”°æ•¦å½¦ãŒã€Œæ•™è‚²ç³»YouTuberã€ã¨ã—ã¦ã€å­¦ã¹ã‚‹å‹•ç”»ã‚’æ¯é€±2æœ¬æ›´æ–°ï¼ˆåœŸãƒ»æ—¥ï¼‰ ã‚‚ã£ã¨å­¦ã³ãŸã„äººã¯ãƒ©ã‚¤ãƒ•ã‚¹ã‚¯ãƒ¼ãƒ«ã€Œprogressã€ã¸ï¼ å…¥ä¼šã¯ã‚³ãƒãƒ© https://www.nakataatsuhiko.com/fanclub-salon â€»å½“ãƒãƒ£ãƒ³ãƒãƒ«Amazonã‚¢ã‚½ã‚·ã‚¨ã‚¤ãƒˆã¨ã—ã¦é©æ ¼è²©å£²ã«ã‚ˆã‚Šåå…¥ã‚’å¾—ã¦ã„ã¾ã™ã€‚,"4,960,000","1,252,623,611"
26,ãã¾ãã‚Œã‚¯ãƒƒã‚¯Kimagure Cook,https://youtube-ranking.userlocal.jp/user/toruteli_e991db,https://www.youtube.com/channel/UCaak9sggUeIBPOd8iK_BXcQ,2008-08-14ã€œ,"æ„›çŸ¥çœŒåœ¨ä½ã®å¥å…¨ãªå¦»å­æŒã¡ã§ã™ ä¸»ã«ã€æ–™ç†ã€‘ã€ã‚¢ã‚¦ãƒˆãƒ‰ã‚¢ã€‘ã‚’ãƒ¡ã‚¤ãƒ³ã§ã‚ã’ã¦ã„ãã¾ã™ï¼ â€»æ–™ç†çµŒé¨“0ã®ä¸»ãªã®ã§ã€å¤§ç›®ã«è¦‹ã¦ãã ã•ã„ã­ â—‡2016å¹´12æœˆ23æ—¥(é‡‘)ã€€ã‚¹ã‚¿ãƒ¼ãƒˆ â—‡2017å¹´1æœˆ14æ—¥(åœŸ)ã€€ãƒãƒ£ãƒ³ãƒãƒ«ç™»éŒ²è€…10,000äººçªç ´ â—‡2017å¹´ 2æœˆ2æ—¥(æœ¨)ã€€ãƒãƒ£ãƒ³ãƒãƒ«ç™»éŒ²è€…20,000äººçªç ´ â—‡2017å¹´2æœˆ23æ—¥(æœ¨)ã€€ãƒãƒ£ãƒ³ãƒãƒ«ç™»éŒ²è€…30,000äººçªç ´ â—‡2017å¹´3æœˆ11æ—¥(åœŸ)ã€€ãƒãƒ£ãƒ³ãƒãƒ«ç™»éŒ²è€…40,000äººçªç ´ â—‡2017å¹´3æœˆ19æ—¥(æ—¥)ã€€ãƒãƒ£ãƒ³ãƒãƒ«ç™»éŒ²è€…50,000äººçª","4,900,000","2,196,151,766"
27,ãƒ’ã‚«ãƒ«ï¼ˆHikaruï¼‰,https://youtube-ranking.userlocal.jp/user/091B97DEB7833C3A_646354,https://www.youtube.com/channel/UCaminwG9MTO4sLYeC3s6udA,2016-03-18ã€œ,YouTubeã§ã¯è©±ã›ãªã„éæ¿€ãªãƒ„ã‚¤ã‚­ãƒ£ã‚¹ç”Ÿæ”¾é€ã¯ã“ã¡ã‚‰ã‹ã‚‰ï¼ˆç„¡æ–™ã§ã™ï¼‰ https://twitcasting.tv/kinnpatuhikaru ã‚µãƒ–ãƒãƒ£ãƒ³ãƒãƒ«ã¯ã“ã¡ã‚‰ï¼ https://www.youtube.com/c/HikaruGames ãƒ’ã‚«ãƒ«ãŒæ„›ç”¨ã—ã¦ã‚‹æ´‹æœReZARDã®è³¼å…¥ã¯ã“ã¡ã‚‰ã‹ã‚‰ï¼ https://rezard.jp/ ã€ŒReZARDã€ã«é–¢ã™ã‚‹æƒ…å ±ã¯ä¸‹ã®Twitterã§ãŠçŸ¥ã‚‰ã›ã—ã¾ã™ã€‚ ãã‚Œã¨DMè§£æ”¾ã—ã¦ã‚‹ã®ã§è³ªå•ãªã©ã‚ã‚Œã°ãã“ã§ãŠé¡˜ã„ã—ã¾ã™ã€‚ https://twitt,"4,850,000","4,424,974,133"
28,TRASH æ–° ãƒ‰ãƒ©ã‚´ãƒ³,https://youtube-ranking.userlocal.jp/user/CD6E6EE8773A2CB5_4a36c6,https://www.youtube.com/channel/UCkQ62tvPlVVb2WLppjRfPdQ,2016-08-08ã€œ,"TRASH is a newage cyber collective and community, active in vast areas of the design, music, editing and fashion scene. Creative gang dedicated to push the boundaries of the underground scene and create a community to help aspiring talent grow and pr","4,800,000","1,723,826,890"
29,ã‚¹ã‚«ã‚¤ãƒ”ãƒ¼ã‚¹,https://youtube-ranking.userlocal.jp/user/FAD3CADF331425A5_2f7ae4,https://www.youtube.com/channel/UC8_wmm5DX9mb4jrLiw8ZYzw,2016-07-13ã€œ,ã©ã†ã‚‚ã‰ã€œã‚¹ã‚«ã‚¤ãƒ”ãƒ¼ã‚¹ï¼Yeah!! æ¯æ—¥20:00ã«æ›´æ–°ä¸­ï¼ ãƒãƒ£ãƒ³ãƒãƒ«ç™»éŒ²ã‚ˆã‚ã—ããŠé¡˜ã„ã—ã¾ã™ï¼ - ã‚¹ã‚«ã‚¤ãƒ”ãƒ¼ã‚¹ - â–  Twitter â‡’ https://twitter.com/skypeace_teojin â–  é€£çµ¡å…ˆ â‡’ inaka72kuu@yahoo.co.jp â–  YouTubeã‚µãƒ– â‡’ https://www.youtube.com/channel/UCn_cpHcrXjG_XnH9N3fO6qA â– ã‚¹ã‚«ã‚¤ãƒ”ãƒ¼ã‚¹officialâ‡’http://sky-peace.com/,"4,670,000","3,546,362,075"
30,TWICE JAPAN OFFICIAL YouTube Channel,https://youtube-ranking.userlocal.jp/user/6EFCCCBBE935B44E_66b515,https://www.youtube.com/channel/UCCRb6nYKaT8tzLA8CwDdUtw,2017-02-22ã€œ,,"4,600,000","1,549,187,653"
31,Ado,https://youtube-ranking.userlocal.jp/user/66F21D61F29ECB1E_acec77,https://www.youtube.com/channel/UCln9P4Qm3-EAY4aiEPmRwEA,2018-08-17ã€œ,å…ƒæ°—ã§ã™ã€‚,"4,520,000","1,734,893,044"
32,BabyBus - å­ä¾›ã®æ­Œ - å­ã©ã‚‚ã®å‹•ç”»,https://youtube-ranking.userlocal.jp/user/443BE6BAF637565E_bef46c,https://www.youtube.com/channel/UCwYFFFgr4wl5Oby8gBbAZzg,2016-09-09ã€œ,BabyBusï¼ˆãƒ™ãƒ“ãƒ¼ãƒã‚¹ï¼‰æ—¥æœ¬èªãƒãƒ£ãƒ³ãƒãƒ«ã§ã™ã€‚ BabyBusï¼ˆãƒ™ãƒ“ãƒ¼ãƒã‚¹ï¼‰ã§ã¯ã€å¹¼å…ãƒ»å­ä¾›ãŒå–œã¶ã†ãŸã¨2Dï¼†3Dã‚¢ãƒ‹ãƒ¡ãƒ¼ã‚·ãƒ§ãƒ³ã§ã€2ã€œ5æ­³ã®å­ä¾›ãŸã¡ã®ãŸã‚ã®æ–°ã—ãæ¥½ã—ã„å­¦ç¿’ä½“é¨“ã®æä¾›ã‚’ç›®æŒ‡ã—ã¦ã„ã¾ã™ã€‚å­ä¾›ãŸã¡ã¯ãƒ™ãƒ“ãƒ¼ãƒã‚¹ã®ã†ãŸã‚’æ­Œã£ã¦è¸Šã‚‹ã“ã¨ã«ã‚ˆã£ã¦ã€è‰¯ã„ç¿’æ…£ã€å®‰å…¨çŸ¥è­˜ã€æ–‡å­—ã€è‰²ã€æ•°å­—ãªã©ã‚’å­¦ã¶ã“ã¨ãŒã§ãã¾ã™ï¼ãœã²è¦³ã¦ï¼è´ã„ã¦ï¼è¦ªå­ã§æ¥½ã—ã‚“ã§ãã ã•ã„ï¼ãƒ™ãƒ“ãƒ¼ãƒã‚¹ã¯èµ¤ã¡ã‚ƒã‚“ãƒ»å¹¼å…ãƒ»å­ä¾›ãŒå–œã¶ã†ãŸã€ã‚¢ãƒ‹ãƒ¡ã€çŸ¥è‚²ã‚¢ãƒ—ãƒªã€è‹±èªã®æ­Œãªã©ã„ã‚ã‚“ãªå‹•ç”»ã‚’ã‚¢ãƒƒãƒ—ã—ã¦ã„ã¾ã™ã€‚ ã©ã†ãã‚ˆã‚ã—ããŠã­ãŒã„ã„ãŸã—ã¾,"4,490,000","4,450,984,868"
33,UNIVERSAL MUSIC JAPAN,https://youtube-ranking.userlocal.jp/user/universalmusicja_1c25ca,https://www.youtube.com/channel/UCl2aT0nRejTCQO_LHZAftBw,2008-03-13ã€œ,ãƒ¦ãƒ‹ãƒãƒ¼ã‚µãƒ« ãƒŸãƒ¥ãƒ¼ã‚¸ãƒƒã‚¯ã¯ã€ä¸–ç•Œ77ãƒ¶å›½ã«å­ä¼šç¤¾ã¨ãªã‚‹ãƒ¬ã‚³ãƒ¼ãƒ‰ä¼šç¤¾ã€æˆ–ã„ã¯ãƒ©ã‚¤ã‚»ãƒ³ã‚·ãƒ¼ã‚’å±•é–‹ã™ã‚‹ä¸–ç•Œæœ€å¤§ã®éŸ³æ¥½ä¼æ¥­ ãƒ¦ãƒ‹ãƒãƒ¼ã‚µãƒ« ãƒŸãƒ¥ãƒ¼ã‚¸ãƒƒã‚¯ ã‚°ãƒ«ãƒ¼ãƒ—ã®æ—¥æœ¬æ³•äººã§ã™ã€‚ ãƒ¦ãƒ‹ãƒãƒ¼ã‚µãƒ« ãƒŸãƒ¥ãƒ¼ã‚¸ãƒƒã‚¯ ã‚°ãƒ«ãƒ¼ãƒ—ã¯ã€ãƒ¡ãƒ‡ã‚£ã‚¢ã¨é€šä¿¡ã®ã‚°ãƒ­ãƒ¼ãƒãƒ«ä¼æ¥­ã§ã‚ã‚‹ãƒ“ãƒ™ãƒ³ãƒ‡ã‚£ ï¼ˆVivendiï¼‰ å‚˜ä¸‹ã®1ã‚°ãƒ«ãƒ¼ãƒ—ã§ã™ã€‚,"4,490,000","3,395,214,437"
34,SeikinTV,https://youtube-ranking.userlocal.jp/user/SeikinTV_cf4fe1,https://www.youtube.com/channel/UCg4nOl7_gtStrLwF0_xoV0A,2012-01-29ã€œ,SEIKINï¼ˆã‚»ã‚¤ã‚­ãƒ³ï¼‰ å‹•ç”»ã‚¯ãƒªã‚¨ã‚¤ã‚¿ãƒ¼ / ã‚·ãƒ³ã‚¬ãƒ¼ã‚½ãƒ³ã‚°ãƒ©ã‚¤ã‚¿ãƒ¼ ã‚¸ãƒ£ãƒ³ãƒ«ã«ã¨ã‚‰ã‚ã‚Œãªã„å¹…åºƒã„å†…å®¹ã®å‹•ç”»ã‚’æ•°å¤šãé…ä¿¡ã—ã¦ã„ã‚‹ã‚¯ãƒªã‚¨ã‚¤ã‚¿ãƒ¼ã€‚ ã¾ãŸã€å®Ÿã®å…„å¼ŸéŸ³æ¥½ãƒ¦ãƒ‹ãƒƒãƒˆã€ŒHIKAKIN & SEIKINã€ã®ãƒ´ã‚©ãƒ¼ã‚«ãƒ«å…¼ã€ä½œè©ä½œæ›²ã‚’è‡ªã‚‰æ‰‹æ›ã‘ã¦ãŠã‚Šã€åœ°ä¸Šæ³¢ã®éŸ³æ¥½ç•ªçµ„ã«ã‚‚å‡ºæ¼”ã—ã¦ã„ã‚‹ã€‚,"4,400,000","4,230,926,622"
35,HidaMari Cooking,https://youtube-ranking.userlocal.jp/user/260F1904FA2FF25A_723f15,https://www.youtube.com/channel/UCcp9uRaBwInxl_SZqGRksDA,2017-09-26ã€œ,"ã“ã‚“ã«ã¡ã¯ã€HidaMari Cooking(ã²ã ã¾ã‚Šã‚¯ãƒƒã‚­ãƒ³ã‚°)ã§ã™ã€‚ ã“ã®ãƒãƒ£ãƒ³ãƒãƒ«ã§ã¯ãƒãƒ§ã‚³ãƒ¬ãƒ¼ãƒˆã‚„æŠ¹èŒ¶ã€å­£ç¯€ã®ãƒ•ãƒ«ãƒ¼ãƒ„ã‚„ãƒ›ãƒƒãƒˆã‚±ãƒ¼ã‚­ãƒŸãƒƒã‚¯ã‚¹ãªã©ã‚’ä½¿ã£ãŸ ã‚±ãƒ¼ã‚­ã‚„ãƒ‡ã‚¶ãƒ¼ãƒˆãªã©ã€ãƒ¬ã‚·ãƒ”å‹•ç”»ã‚’æ¯é€±æŠ•ç¨¿ã—ã¦ã„ã¾ã™ã€‚ é‡‘æ›œæ—¥ã®å¤œ19æ™‚ã€æ—¥æ›œæ—¥ã®æœ10æ™‚ã«ãŠè“å­ã®å‹•ç”»ã‚’æŠ•ç¨¿ã—ã¾ã™ã€‚ ãƒãƒ£ãƒ³ãƒãƒ«ç™»éŒ²ã‚„å‹•ç”»ã®ã‚³ãƒ¡ãƒ³ãƒˆã€è©•ä¾¡ãªã©ã€ å‹•ç”»ä½œã‚Šã®åŠ±ã¿ã«ãªã‚Šã¾ã™ã®ã§ãœã²ã‚ˆã‚ã—ããŠé¡˜ã„ã—ã¾ã™ã€‚ Hello, welcome to HidaMari Cooking channel! I make Chocolat","4,250,000","458,050,794"
36,Gawr Gura(ãŒã†ã‚‹ãã‚‰ ã‚µãƒ¡ã¡ã‚ƒã‚“) (hololive English),https://youtube-ranking.userlocal.jp/user/0DCB37A5BB880687_c8ea33,https://www.youtube.com/channel/UCoSrY_IQQVpmIRZ9Xf-y93g,2020-09-09ã€œ,"Shark-girl Idol of Hololive EN ! ğŸŸ --- A descendant of the Lost City of Atlantis, who swam to Earth while saying, ""It's so boring down there LOLOLOL!"" She bought her clothes (and her shark hat) in the human world and she really loves them. In her spa","4,250,000","326,229,629"
37,E ve,https://youtube-ranking.userlocal.jp/user/ooo0eve0ooo_839306,https://www.youtube.com/channel/UCUXfRsEIJ9xO1DT7TbEWksw,2013-11-10ã€œ,Eve - OFFICIAL CHANNEL,"4,230,000","1,974,945,514"
38,Ayase / YOASOBI,https://youtube-ranking.userlocal.jp/user/6AFC1CA0E27E88A7_4bbcaf,https://www.youtube.com/channel/UCvpredjG93ifbCP1Y77JyFA,2018-11-16ã€œ,ã‚·ãƒ³ã‚¬ãƒ¼ã‚½ãƒ³ã‚°ãƒ©ã‚¤ã‚¿ãƒ¼ã€ãƒœã‚«ãƒ­Pã®Ayaseã€ãã—ã¦AyaseãŒã‚³ãƒ³ãƒãƒ¼ã‚¶ãƒ¼ã‚’å‹™ã‚ã‚‹ãƒ¦ãƒ‹ãƒƒãƒˆãƒ»YOASOBIã®YouTubeãƒãƒ£ãƒ³ãƒãƒ«ã§ã™ã€‚,"4,210,000","2,226,445,964"
39,Kota Mino Channel / ã“ãŸã¿ã®ãƒãƒ£ãƒ³ãƒãƒ«,https://youtube-ranking.userlocal.jp/user/CB94A831744CF427_b19401,https://www.youtube.com/channel/UCgSUwAyy0p1tcgDoQagvSOA,2017-07-26ã€œ,2019å¹´4æœˆã€Œã“ãŸã¿ã®ãƒãƒ£ãƒ³ãƒãƒ«ã€ãŒã‚¹ã‚¿ãƒ¼ãƒˆã—ã¾ã—ãŸã€‚ ãã‚Œã‹ã‚‰2020å¹´9æœˆã€100ä¸‡äººã‚‚ã®ã“ã©ã‚‚é”ã«ãƒãƒ£ãƒ³ãƒãƒ«ç™»éŒ²ã—ã¦ã‚‚ã‚‰ã†ã¾ã§ã«æˆé•·ã—ã¾ã—ãŸã€‚ æœ€åˆã¯å°ã•ãã¦ã€1æ—¥ã«æ•°å›ã—ã‹è¦‹ã‚‰ã‚Œãªã‹ã£ãŸãƒãƒ£ãƒ³ãƒãƒ«ã€‚ ä»Šã§ã¯ä¸–ç•Œä¸­ã§ã€æœˆã«1å„„å›ã‚‚è¦‹ã¦ã‚‚ã‚‰ã£ã¦ã„ã‚‹ã“ã¨ã‚‚ã‚ã‚Šã¾ã™ã€‚ ãã®æ•°ãªã‚“ã¨ã€214ã‚‚ã®å›½ã¨åœ°åŸŸã§ã€‚ å‹•ç”»ã«å‡ºã¦ãã‚‹ã“ãŸãã‚“ã¨ã¿ã®ã¡ã‚ƒã‚“ã¨ä¸€ç·’ã«ã€ã„ã‚ã‚“ãªä½“é¨“ã‚’ã—ã¦ã»ã—ã„ã€‚ æ€’ã£ãŸã‚Šã€ç¬‘ã£ãŸã‚Šã€æ™‚ã«ã¯æ³£ã„ãŸã‚Šã—ãªãŒã‚‰ã€‚ ãã—ã¦å«Œãªã“ã¨ãŒã‚ã£ã¦ã‚‚ã€ã“ãŸã¿ã®ãƒãƒ£ãƒ³ãƒãƒ«ã‚’è¦‹ã¦ç¬‘ã£ã¦ã€ã¡ã‚‡ã£ã´ã‚Šå…ƒæ°—,"4,190,000","2,227,155,200"
40,ONE OK ROCK,https://youtube-ranking.userlocal.jp/user/ONEOKROCKchannel_8c8060,https://www.youtube.com/channel/UCzycs8MqvIY4nXWwS-v4J9g,2011-10-07ã€œ,ONE OK ROCK Official Channel,"4,190,000","1,636,301,317"
41,ã‚­ãƒ¨ã€‚,https://youtube-ranking.userlocal.jp/user/KIYOisGOD_389a76,https://www.youtube.com/channel/UCMJiPpN_09F0aWpQrgbc_qg,2014-03-01ã€œ,ã“ã‚“ã«ã¡ã¯ã€‚ ãªã‚“ã‹ã‚ˆãã‚ã‹ã‚‰ã‚“ã‘ã©è‰²ã€…ã‚„ã‚‹ã€‚ ã€ãƒ„ã‚¤ãƒƒã‚¿ãƒ¼ã€‘ã€€http://twitter.com/kiyo_saioreã€€ï¼ˆå‹•ç”»ãƒ»æ›´æ–°æƒ…å ±ãªã©ï¼‰ ã€ã‚¤ãƒ³ã‚¹ã‚¿ã‚°ãƒ©ãƒ ã€‘ã€€http://www.instagram.com/kiyo_yuusya ã€é€£çµ¡å…ˆã€‘saiorenraku@yahoo.co.jp,"4,110,000","4,324,663,789"
42,takahashi taiyou,https://youtube-ranking.userlocal.jp/user/katuzei_3ad581,https://www.youtube.com/channel/UC6K0hSHAJZ7sAp4IAbQ4GFw,2010-11-22ã€œ,"This channel is, I make a video that will be glad children. Thomas the Tank Engine is love, love is also Disney's educational toys. Thomas the Tank Engine and wood, is a fun movie for children to rejoice. Japanese toys, will come out a lot. Cars of D","4,060,000","444,989,183"
43,æ°´æºœã‚Šãƒœãƒ³ãƒ‰,https://youtube-ranking.userlocal.jp/user/77ED909FDD880C34_e30887,https://www.youtube.com/channel/UCpOjLndjOqMoffA-fr8cbKA,2014-10-06ã€œ,ãƒ¡ã‚¤ãƒ³ãƒãƒ£ãƒ³ãƒãƒ«ã€ã‚µãƒ–ãƒãƒ£ãƒ³ãƒãƒ«ï¼ˆæ—¥å¸¸ï¼‰ã€å€‹äººãƒãƒ£ãƒ³ãƒãƒ«ãŒé€£å‹•ã—ã¦æ¯æ—¥æŠ•ç¨¿ã‚’å†é–‹ã—ã¾ã—ãŸï¼ï¼ ã•ã¾ã–ã¾ãªã€Œæ°—ã«ãªã‚‹ã‘ã©è‡ªåˆ†ã§ã¯ã‚„ã‚‰ãªã„ã“ã¨ã€ã‚’å‹•ç”»ã«ã—ã¦æŠ•ç¨¿ã—ã¦ã¾ã™ï¼ å°‘ã—ã§ã‚‚èˆˆå‘³ã‚’æŒã£ã¦ã„ãŸã ã‘ãŸã‚‰æ˜¯éãƒãƒ£ãƒ³ãƒãƒ«ç™»éŒ²ãŠé¡˜ã„ã—ã¾ã™ï¼ï¼ ã€ãŠä»•äº‹ã«é–¢ã™ã‚‹ãŠå•ã„åˆã‚ã›ï¼ˆUUUMï¼‰ã€‘ https://uuum.co.jp/inquiry_top ã€ãƒ•ã‚¡ãƒ³ãƒ¬ã‚¿ãƒ¼ã«é–¢ã—ã¾ã—ã¦ã€‘ https://uuum.jp/guidance,"4,050,000","4,137,204,879"
44,ãƒãƒƒã‚«ãƒ¼ãƒŠã‚¢ãƒ‹ãƒ¡ãƒ¼ã‚·ãƒ§ãƒ³ nokkana animation,https://youtube-ranking.userlocal.jp/user/nokkanaanimation_4116a1,https://www.youtube.com/channel/UClWQzKNJiiQy7VXaaSN1Z8A,2013-08-14ã€œ,ã”è¦§ã„ãŸã ãã¾ã—ã¦ã‚ã‚ŠãŒã¨ã†ã”ã–ã„ã¾ã™ã€‚ ãƒãƒƒã‚«ãƒ¼ãƒŠã‚¢ãƒ‹ãƒ¡ãƒ¼ã‚·ãƒ§ãƒ³ã¯èµ¤ã¡ã‚ƒã‚“ãƒ»å¹¼å…ãƒ»å­ä¾›å‘ã‘ã‚¢ãƒ‹ãƒ¡ãƒãƒ£ãƒ³ãƒãƒ«ã§ã™ã€‚ èµ¤ã¡ã‚ƒã‚“ãŒå–œã¶ã€Œã„ãªã„ã„ãªã„ã°ãã€ã‚¢ãƒ‹ãƒ¡ã‚„ç«¥è¬¡ã€ãŠå­æ§˜ã®çŸ¥è‚²ãƒ»æ•™è‚²ã«å½¹ç«‹ã¤å‹•ç”»ã‚’é…ä¿¡ã—ã¦ãŠã‚Šã¾ã™ã€‚ ãƒãƒ£ãƒ³ãƒãƒ«ç™»éŒ²ã—ã¦è¦‹ã¦ã„ãŸã ã‘ã‚‹ã¨ã†ã‚Œã—ã„ã§ã™â˜† Thank you for watching my channel. This is animation channel for baby and children. ì‹œì²­ í•´ ì£¼ì…”ì„œ ê°ì‚¬í•©ë‹ˆë‹¤.ã€€ì´ ì•„ê¸°ì™€ ì–´ë¦°ì´ë¥¼ìœ„í•œ ì• ë‹ˆë©”ì´,"3,950,000","2,496,593,934"
45,ã‚³ãƒ ãƒ‰ãƒƒãƒˆ,https://youtube-ranking.userlocal.jp/user/6F55C1CDEEAFF892_79569b,https://www.youtube.com/channel/UCRxPrFmRHsXGWfAyE6oqrPQ,2018-10-03ã€œ,"2018å¹´10æœˆ1æ—¥çµæˆ æ—¥æœ¬ã‚’ç²ã‚‹YouTuberã‚³ãƒ ãƒ‰ãƒƒãƒˆã§ã™ã€‚ ""åœ°å…ƒãƒãƒªã‚’å…¨å›½ãƒãƒªã«â€ ""æ”¾èª²å¾Œã®å»¶é•·â€ã¨ã„ã†ã‚¹ãƒ­ãƒ¼ã‚¬ãƒ³ã‚’æ²ã’ã€å¹¼é¦´æŸ“ã¿5äººçµ„ã§YouTubeç•Œã®æ¬¡ã®æ™‚ä»£ã‚’å‰µã‚Šã¾ã™ã€‚ ã‚³ãƒ ãƒ‰ãƒƒãƒˆã¨ã„ã†åã®ä¼èª¬ã®ç”Ÿãè¨¼äººã«ãªã‚‹è¦šæ‚ŸãŒã§ããŸã‚‰ãƒãƒ£ãƒ³ãƒãƒ«ç™»éŒ²ãŠé¡˜ã„ã—ã¾ã™ã€‚ ã€2018å¹´ã€‘ 10æœˆ1æ—¥ã€€ï¼šçµæˆ 10æœˆ4æ—¥ã€€ï¼šåˆæŠ•ç¨¿ 11æœˆ24æ—¥ ï¼šãƒãƒ£ãƒ³ãƒãƒ«ç™»éŒ²è€…æ•°500äººçªç ´ 12æœˆ20æ—¥ ï¼šãƒãƒ£ãƒ³ãƒãƒ«ç™»éŒ²è€…æ•°1,000äººçªç ´ ã€2019å¹´ã€‘ 1æœˆ27æ—¥ã€€ï¼šãƒãƒ£ãƒ³ãƒãƒ«ç™»éŒ²è€…æ•°3,000äººçªç ´","3,870,000","2,843,009,589"
46,NHK,https://youtube-ranking.userlocal.jp/user/NHKonline_29974d,https://www.youtube.com/channel/UCip8ve30-AoX2y2OtAAmqFA,2007-07-14ã€œ,NHKãŒåºƒå ±ã®ãŸã‚ã«å…¬é–‹ã—ã¦ã„ã‚‹å‹•ç”»ã®ãƒãƒ£ãƒ³ãƒãƒ«ã§ã™ã€‚,"3,820,000","1,845,637,618"
47,Kids Labo TV,https://youtube-ranking.userlocal.jp/user/A2D94F61BBEAAAA7_62b99b,https://www.youtube.com/channel/UCaDYRLZC8FL-Df3ZJHDnpzw,2015-07-01ã€œ,ã‚­ãƒƒã‚ºãƒ©ãƒœTVã¸ã‚ˆã†ã“ãã€‚ ãŠã‚‚ã¡ã‚ƒå‹•ç”»ã‚’æŠ•ç¨¿ã—ã¦ã„ã¾ã™ã€‚ ä¼æ¥­æ¡ˆä»¶ç­‰ã®ã”ä¾é ¼ã¯ä¸‹è¨˜ãƒ¡ãƒ¼ãƒ«ã‚¢ãƒ‰ãƒ¬ã‚¹ã¾ã§ãŠé¡˜ã„ã—ã¾ã™ã€‚ info.kidslabotv@gmail.com,"3,820,000","3,714,306"
48,ã€Repezen Foxxã€‘,https://youtube-ranking.userlocal.jp/user/4A24AB686A720857_c0ff5c,https://www.youtube.com/channel/UC3eTZ5Yld6qufD6rtEiERdw,2018-01-27ã€œ,è‡ªç§°DJ,"3,710,000","1,171,903,936"
49,Cafe Music BGM channel,https://youtube-ranking.userlocal.jp/user/cafemusicbgmchan_3a17b5,https://www.youtube.com/channel/UCJhjE7wbdYAae1G25m0tHAA,2014-11-05ã€œ,"â˜• About Cafe Music BGM channel We are making Cafe music for relaxation, for work, for study, etc. All music in this video & in this channel is original music by us. We are playing all the songs. ğŸ“œ What is BGMC? Morning. Gentle light that shines throu","3,690,000","1,272,241,069"
50,ã‚¸ãƒ£ã«ã®ã¡ã‚ƒã‚“ã­ã‚‹,https://youtube-ranking.userlocal.jp/user/FBE7184D432076EC_ed45e3,https://www.youtube.com/channel/UC2alHD2WkakOiTxCxF-uMAg,2021-04-08ã€œ,äºŒå®®å’Œä¹Ÿã€ä¸­ä¸¸é›„ä¸€ã€å±±ç”°æ¶¼ä»‹ã€èŠæ± é¢¨ç£¨ãŒ ã“ã“ã€YouTubeã§ã‚ªãƒªã‚¸ãƒŠãƒ«ã®ãƒ¦ãƒ‹ãƒƒãƒˆãŒèª•ç”Ÿâ€¦!! ã¨ã«ã‹ãã€ç·©ã! æ¥½ã—ã!! æˆ‘ã€…ã‚‰ã—ã!!! çªãé€²ã¿ã¾ã™ã®ã§ã€ã¿ãªã•ã¾ã‚‚ãƒãƒ£ãƒ³ãƒãƒ«ç™»éŒ²ã®ç¨‹ ãŠä»˜ãåˆã„ã—ã¦é ‚ã‘ã¾ã™ã¨ã€å¤§å¤‰å–œã³ã¾ã™ã€‚ ã¨ã„ã†äº‹ã§ã“ã‚Œã‹ã‚‰ã‚‚ã‚ˆã‚ã—ããŠé¡˜ã„è‡´ã—ã¾ã™!!!!,"3,630,000","664,716,398"
51,fumikiri channel,https://youtube-ranking.userlocal.jp/user/mitsukun2010_442420,https://www.youtube.com/channel/UCjsfBituOiCYAXc89rH4FnQ,2010-08-30ã€œ,2015å¹´6æœˆã‹ã‚‰å­ä¾›å‘ã‘ã‚¢ãƒ‹ãƒ¡ã®åˆ¶ä½œã‚’å§‹ã‚ã¾ã—ãŸã€‚ ã†ã¡ã®æ¯å­ãŒè¸åˆ‡ã‚«ãƒ³ã‚«ãƒ³ã‚„é›»è»ŠãŒå¤§å¥½ãã§ã€æ¯å­ã‚’å–œã°ã›ã‚ˆã†ã¨æ€ã£ãŸã®ãŒãã£ã‹ã‘ã§è¸åˆ‡ï¼†é›»è»Šã‚¢ãƒ‹ãƒ¡ã‚’ä½œæˆã™ã‚‹æ§˜ã«ãªã‚Šã¾ã—ãŸã€‚ 1æœ¬ä½œã‚‹ã®ã«çµæ§‹æ™‚é–“ãŒã‹ã‹ã‚Šã¾ã™ãŒã€ã‚³ãƒ„ã‚³ãƒ„å‹•ç”»ã‚’ä½œæˆã—ã¦ã‚¢ãƒƒãƒ—ã—ã¦ã„ãã¾ã™ã€‚ ã“ã©ã‚‚ãŸã¡ãŒç¬‘é¡”ã«ãªã‚Œã‚‹æ§˜ãªæ¥½ã—ã„ä½œå“ä½œã‚Šã‚’ãŒã‚“ã°ã£ã¦ã„ãã¾ã™ã€‚ ã‚¢ãƒ‹ãƒ¡ãªã‚‰ã§ã¯ã®éŠã³å¿ƒæº€è¼‰ã®å‹•ç”»ã‚’ã©ã‚“ã©ã‚“ä½œæˆã—ã¦ã„ãã¾ã™ã®ã§ã€ ãƒãƒ£ãƒ³ãƒãƒ«ç™»éŒ²æ˜¯éãŠé¡˜ã„ã—ã¾ã™ã€‚ ãƒ“ã‚¸ãƒã‚¹ã‚ªãƒ•ã‚¡ãƒ¼ã€ä½œå“åˆ¶ä½œä¾é ¼ãªã©ã¯ã€ä»¥ä¸‹ã‹ã‚‰ãŠé¡˜ã„ã—ã¾ã™ã€‚ https:/,"3,580,000","2,348,530,911"
52,ã‚¨ã‚¬ã¡ã‚ƒã‚“ã­ã‚‹ EGA-CHANNEL,https://youtube-ranking.userlocal.jp/user/B97023651BD6F967_7801aa,https://www.youtube.com/channel/UCL6JY2DXJNDOIqCP1CRADng,2020-01-31ã€œ,ãŠç¬‘ã„èŠ¸äººã€æ±Ÿé ­2:50ãŒYouTubeã‚’å§‹ã‚ã¾ã™ã€‚ ã€ŒYouTubeã§ã‚„ã‚ŠãŸã„ã“ã¨å…¨éƒ¨ã‚„ã£ã¦ã‚„ã‚‹ï¼ãŠã‚‚ã—ã‚ã„ã“ã¨å…¨éƒ¨ã‚„ã£ã¦ã‚„ã‚‹ï¼ã€ ä¸–ç•Œã®EGAç›®æŒ‡ã—ã¦æ±Ÿé ­2:50ã€é ‘å¼µã‚Šã¾ã™ã€‚ Egashira2:50 is a BADASS SAMURAI !!! Please Subscribe !!! â˜†ã‚µãƒ–ãƒãƒ£ãƒ³ãƒãƒ«ã€Œã‚¨ã‚¬ã¡ã‚ƒã‚“ã­ã‚‹ã€œæ›¿ãˆã®ãƒ‘ãƒ³ãƒ„ã€œã€ ã€€https://www.youtube.com/channel/UCU607BfClX724VqZZ9zWWcA â˜†ã‚¨ã‚¬ã¡ã‚ƒã‚“ã­ã‚‹ã€Œãƒãƒ¼ãƒ‘ãƒ³æ‘ã€,"3,580,000","666,782,888"
53,Kan & Aki's CHANNELã‹ã‚“ã‚ããƒãƒ£ãƒ³ãƒãƒ«,https://youtube-ranking.userlocal.jp/user/potemi926_8fc14e,https://www.youtube.com/channel/UCNHqosTdwFPSK5OQsjFoS5g,2010-05-01ã€œ,ã‹ã‚“ãªã‚ãã‚‰ã‚ã•ã²3å§‰å¦¹ï¼†æœ«ã£å­é•·ç”·ãã‚“ãŸã€ãƒ‘ãƒ‘ãƒãƒã®6äººå®¶æ—ã§ æ—¥å¸¸Vlogã‚„ãƒ•ã‚¡ãƒŸãƒªãƒ¼ãŠã§ã‹ã‘å‹•ç”»ã€ã‚²ãƒ¼ãƒ å®Ÿæ³ãªã©ã„ã‚ã‚“ãªå‹•ç”»ã‚’ã‚¢ãƒƒãƒ—ã€‚ ãŠå­æ§˜ã¨ä¸€ç·’ã«ãƒ‘ãƒ‘ãƒãƒã•ã‚“ãŸã¡ã«ã‚‚æ¥½ã—ã‚“ã§ã„ãŸã ã‘ã‚‹å‹•ç”»ãŒã¤ãã‚ŒãŸã‚‰ã¨æ€ã£ã¦ã¾ã™â™ª æ’®å½±ã€ç·¨é›†ã€ã‚³ãƒ¡ãƒ³ãƒˆã®è¿”ä¿¡ãªã©ã¯ãƒãƒãŒã—ã¦ãŠã‚Šã¾ã™â™ª ã©ã†ãã‚ˆã‚ã—ããŠã­ãŒã„ã„ãŸã—ã¾ã™â¤ â˜…ãŠæ‰‹ç´™ï¼ˆãƒ•ã‚¡ãƒ³ãƒ¬ã‚¿ãƒ¼ï¼‰ã®é€ä»˜å…ˆãŒã§ãã¾ã—ãŸâ˜… ã€’154-0001 æ±äº¬éƒ½ä¸–ç”°è°·åŒºæ± å°»2âˆ’31âˆ’20-501 ã‹ã‚“ã‚ããƒãƒ£ãƒ³ãƒãƒ«ã€€å®› â€»æ™®é€šéƒµä¾¿ä»¥å¤–ã®ãŠè·ç‰©ã®éƒµé€ãªã©ã¯ãŠå—ã‘ã§ãã¾ã›ã‚“,"3,550,000","9,509,021,200"
54,åœ§å€’çš„ä¸å¯©è€…ã®æ¥µã¿!,https://youtube-ranking.userlocal.jp/user/EEFC25B210600145_aad945,https://www.youtube.com/channel/UCg3qsVzHeUt5_cPpcRtoaJQ,2016-09-24ã€œ,ã€Œã©ã†ã‚‚ï¼åœ§å€’çš„ä¸å¯©è€…ã®æ¥µã¿ã§ã™â™¡ã€ ä¸»ã«åŒ…ä¸ã‚’ç ”ã„ã ã‚Šä½œã£ãŸã‚Šã™ã‚‹å°‚é–€ãƒãƒ£ãƒ³ãƒãƒ«ã§ã™ â€»ä½œã‚‹ã‚‚ã®ã¯å…¨ã¦18ç¦ã§ã”ã–ã„ã¾ã™ã€‚ãã‚Œä»¥å¤–ã®æ–¹ã‚‚ä½œå“ã®è€ä¹…æ€§ã«å•é¡ŒãŒã‚ã‚‹å¯èƒ½æ€§ãŒã‚ã‚Šéå¸¸ã«å±é™ºã§ã™ã€‚ ã©ã®ã‚ˆã†ã«ä½œã£ãŸã‹æ¥½ã—ã‚€ç¨‹åº¦ã«å¾¡è¦§ãã ã•ã„ã€‚ â€»å‹•ç”»ã®å†…å®¹ã‚’å‚è€ƒã«ã—ã¦ç™ºç”Ÿã—ãŸãƒˆãƒ©ãƒ–ãƒ«ã¯å…¨ã¦è‡ªå·±è²¬ä»»ã§ãŠé¡˜ã„ã—ã¾ã™ã€‚ ãƒ“ã‚¸ãƒã‚¹é–¢ä¿‚ã®ãŠå•ã„åˆã‚ã›ã¯ã€Youtubeã«è¡¨è¨˜ã•ã‚Œã¦ã„ã‚‹ãƒ¡ãƒ¼ãƒ«ã‚¢ãƒ‰ãƒ¬ã‚¹ã€åˆã¯ãƒ„ã‚¤ãƒƒã‚¿ãƒ¼ã®DMã‚ˆã‚ŠãŠé¡˜ã„è‡´ã—ã¾ã™,"3,540,000","605,216,683"
55,ã¾ãµã¾ãµã¡ã‚ƒã‚“ã­ã‚‹,https://youtube-ranking.userlocal.jp/user/1410EA60301EACBE_e9019c,https://www.youtube.com/channel/UCOTR1tcOAhjgi6YukrPpZxg,2014-11-26ã€œ,ã¾ãµã¾ãµã€€mafumafu official channel ã®ã‚“ã³ã‚Šæ¥½ã—ãã‚„ã£ã¦ã„ãã¾ã™(Â´lÏ‰lï½€),"3,500,000","2,019,611,656"
56,RRcherrypie,https://youtube-ranking.userlocal.jp/user/RRcherrypie_c6b1c2,https://www.youtube.com/channel/UCwnro7pVC3fDjVavLT_LAjQ,2006-09-27ã€œ,âš ï¸Do Not Re-upload My Videos / Images. è»¢è¼‰ç¦æ­¢ï¼ˆç„¡æ–­é…ä¿¡è€…ã¯ã€ãƒãƒ£ãƒ³ãƒãƒ«ã®è‘—ä½œæ¨©ã€æ©Ÿèƒ½ã«ã‚ˆã‚Šå ±å‘Šã•ã‚Œæ¬¡ç¬¬ã€å‰Šé™¤ãƒªã‚¯ã‚¨ã‚¹ãƒˆã—ã¾ã™ã€‚ï¼‰ ï¼Šå…¬èªã—ã¦ã„ã‚‹å®Ÿå†™é…ä¿¡è€…æ§˜ã‚‚ã„ã¾ã™ãŒã€æ–°è¦ã®å¥‘ç´„ã¯ãŠå—ã‘ã—ã¦ã„ã¾ã›ã‚“ã€‚ â€»ã€è‘—ä½œæ¨©ä¾µå®³ã®ç”³ã—ç«‹ã¦ã®æ’¤å›ã€ã‚’è¦è«‹ã—ã¦ãã‚‹è»¢è¼‰è€…ãŒã„ã¾ã™ãŒã€è»¢è¼‰è€…ãŒå¤šã™ãã¦èª¿ã¹ã‚‹æ™‚é–“ãŒãªã„ãŸã‚ã€å€‹åˆ¥å¯¾å¿œã¯ã„ãŸã—ã¾ã›ã‚“ã€‚ ãƒãƒ£ãƒ³ãƒãƒ«ã‚’å®‰å…¨ã«é‹å–¶ã™ã‚‹ãŸã‚ã€åˆ©ç”¨è¦ç´„ã®éµå®ˆã«å¾¡å”åŠ›ã„ãŸã ãæ„Ÿè¬ã„ãŸã—ã¾ã™ã€‚ âš ï¸13æ­³æœªæº€ã®ã‚³ãƒ¡ãƒ³ãƒˆã¯éè¡¨ç¤ºã«ãªã‚Šã¾ã™ã“ã¨ã‚’,"3,490,000","2,922,877,113"
57,Marina Takewaki,https://youtube-ranking.userlocal.jp/user/5BE27BD084108A3F_6c2a54,https://www.youtube.com/channel/UCw7HTQv0F4CB9zGRhqosYsg,2018-12-18ã€œ,â€œã‚‚ã£ã¨è‡ªåˆ†ã‚’å¥½ãã«ãªã‚‹ï¼â€œã‚’ãƒ¢ãƒƒãƒˆãƒ¼ã«è‡ªå®…ã§æ¥½ã—ãã§ãã‚‹ãƒ•ã‚£ãƒƒãƒˆãƒã‚¹ã‚„ãƒ€ã‚¤ã‚¨ãƒƒãƒˆæ–™ç†ãªã©ã®å‹•ç”»ã‚’æ—¦é‚£ã®ãƒ€ãƒ¼ã‚¦ã‚£ãƒ³ã¨äºŒäººä¸‰è„šã§ç™ºä¿¡ã—ã¦ã„ã¾ã™ï¼ ç§ãŸã¡ã®å¤§ããªå¤¢ã¯ã‚ºãƒãƒªãƒ»ãƒ»ãƒ»ãƒ»â†“ ï¼¿äººäººäººäººäººäººäººäººäººäººäººäººäººäººäººäººäººï¼¿ ï¼ã€€å®…ãƒˆãƒ¬ã‚’å½“ãŸã‚Šå‰ã®ä¸–ç•Œã«ã™ã‚‹ï¼ã€€ï¼œ ï¿£Y^Y^Y^Y^Y^Y^Y^Y^Y^Y^Y^Y^Y^Y^Y^Y^Yï¿£ ã§ã™ï¼ï¼ å®…ãƒˆãƒ¬ã‚’é€šã—ã¦ã€è‡ªåˆ†ã®ã“ã¨ã‚’ã‚‚ã£ã¨å¥½ãã«ãªã‚‹äººãŒå¢—ãˆã¦ã»ã—ã„ã§ã™ï¼,"3,470,000","1,040,429,528"
58,5åˆ†ã§ã§ãã‚‹ DIY,https://youtube-ranking.userlocal.jp/user/507D55A3F07661EE_e51a82,https://www.youtube.com/channel/UCJsxAriYBUnKZVdMXZnGDoA,2017-12-20ã€œ,æ¥½ã—ã„DIYä¼ç”»ã€ã‚¯ãƒ©ãƒ•ãƒˆã€æ¥½ã—ã„DIYã‚’ä½“é¨“ã—ã¾ã—ã‚‡ã†ï¼ ã‚ªãƒ•ã‚£ã‚·ãƒ£ãƒ«ãƒãƒ£ãƒ³ãƒãƒ«,"3,450,000","1,329,549,917"
59,æ–™ç†ç ”ç©¶å®¶ãƒªãƒ¥ã‚¦ã‚¸ã®ãƒã‚ºãƒ¬ã‚·ãƒ”,https://youtube-ranking.userlocal.jp/user/1B0D8893F0221D99_c7aaf2,https://www.youtube.com/channel/UCW01sMEVYQdhcvkrhbxdBpw,2018-11-30ã€œ,æ–™ç†ã®ãŠã«ã„ã•ã‚“ãƒªãƒ¥ã‚¦ã‚¸ã§ã™ï¼ â—†ãƒ›ãƒ¼ãƒ ãƒšãƒ¼ã‚¸ã€ãƒã‚ºãƒ¬ã‚·ãƒ”.comã€‘â†’ã€€https://bazurecipe.com/ â—‹ãƒ„ã‚¤ãƒƒã‚¿ãƒ¼ã€€â†’ã€€https://twitter.com/ore825 â—‹ã‚¤ãƒ³ã‚¹ã‚¿ã€€ã€€â†’ https://www.instagram.com/ryuji_foodlabo â—ãŠä»•äº‹ã®ä¾é ¼ç­‰ã¯ã“ã¡ã‚‰ã¾ã§ã€€â†’ã€€bazurecipe@gmail.com â€»ã‚µãƒ–ãƒãƒ£ãƒ³ãƒãƒ« ã€ãƒªãƒ¥ã‚¦ã‚¸ã®é…’å ´æ¢æ±‚è¨˜ã€‘https://www.youtube.com/channel/UCMGsVYnVTHwf,"3,450,000","758,553,990"
60,Pan Piano,https://youtube-ranking.userlocal.jp/user/23A3F62EAF00929E_d00ff9,https://www.youtube.com/channel/UCI7ktPB6toqucpkkCiolwLg,2016-07-27ã€œ,å°æ¹¾ã®ãƒ”ã‚¢ãƒ‹ã‚¹ãƒˆã§ã™ï¼ ã‚¢ãƒ‹ã‚½ãƒ³ã‚’å¼¾ã„ã¦ã¾ã™ï½ è‰¯ã‹ã£ãŸã‚‰ã€ãƒãƒ£ãƒ³ãƒãƒ«ç™»éŒ²ãŠé¡˜ã„ã—ã¾ã™ï¼ˆãƒ™ãƒ«ãƒãƒ¼ã‚¯ã‚‚ã‚¯ãƒªãƒƒã‚¯ã—ã¾ã—ã‚‡ã†ï¼ï¼‰ å®œã—ããŠé¡˜ã„ã„ãŸã—ã¾ã™ï¼ ã‚­ãƒ£ãƒ©ã‚¯ã‚¿ãƒ¼ãƒ‡ã‚¶ã‚¤ãƒ³ï¼šæ·±å´æš®äºº(@misaki_cradle) Welcome to my channel~~ I make piano covers of Anime/GAME! Please subscribe to my channel and click the bell icon to get new video updates!! I,"3,450,000","549,290,889"
61,AAAjoken toys,https://youtube-ranking.userlocal.jp/user/AAAjoken_2a541a,https://www.youtube.com/channel/UCHhXSfCzQYAAFkpdxr7QsaA,2012-10-12ã€œ,ãŠã‚‚ã¡ã‚ƒç´¹ä»‹å‹•ç”»ã¸ã‚ˆã†ã“ã æ—¥æœ¬ã®ãŠã‚‚ã¡ã‚ƒä¸–ç•Œã®ãŠã‚‚ã¡ã‚ƒéŠã³å‹•ç”»ã‚’é…ä¿¡ã™ã‚‹ã‚ˆ,"3,440,000","3,054,627,064"
62,æ¡å´æ „äºŒ.ãã‚Šã–ããˆã„ã˜,https://youtube-ranking.userlocal.jp/user/kirizakieizi_1e7fad,https://www.youtube.com/channel/UCzKa8fRPoCbKh8O9yW2JK2g,2013-03-18ã€œ,æ¡å´æ „äºŒï¼ãã‚Šã–ããˆã„ã˜ã§ã™ã€‚æ—¥å¸¸ã§ã®å‡ºæ¥äº‹ã‚’YouTubeã«ã‚¢ãƒƒãƒ—ãƒ­ãƒ¼ãƒ‰ã—ã¦ã„ã¾ã™ã€‚ â€æœæ•¢ãªã„å£ã«ã¶ã¤ã‹ã£ã¦ã‚‚ä½•åº¦ã§ã‚‚ç«‹ã¡ä¸ŠãŒã‚‹â€ â—¾ï¸å¦¹ ã€Instagramã€‘â†’ https://www.instagram.com/imo_stagram10/?hl=ja ã€TikTokã€‘â†’https://www.tiktok.com/@mai.imoko1017?is_from_webapp=1&sender_device=pc â—¾ï¸æ¡å´æ „äºŒ ã€Instagramã€‘â†’https://www.instag,"3,380,000","3,123,928,586"
63,Miniature Space,https://youtube-ranking.userlocal.jp/user/A0BACC1533993343_4cc3bc,https://www.youtube.com/channel/UCTFT5NbDl0Fa_fE9Cz_yOAA,2014-11-27ã€œ,"Welcome to miniature space channel https://www.instagram.com/miniaturespace85/ ãƒŸãƒ‹ãƒãƒ¥ã‚¢ã‚¹ãƒšãƒ¼ã‚¹ã¸ã‚ˆã†ã“ãã€‚ æœ¬å½“ã«é£Ÿã¹ã‚Œã‚‹å¯æ„›ã„ãƒŸãƒ‹ãƒãƒ¥ã‚¢ã®æ–™ç† é›‘è²¨ãƒ»çŸ¥è‚²è“å­ãƒ»ã‚«ãƒ—ã‚»ãƒ«ãƒˆã‚¤ã‚’ç´¹ä»‹ ä¸–ç•Œã®äººã«è¦‹ã¦é ‚ã‘ã‚‹ã‚ˆã†ã«è‰²ã‚“ãªè¨€èªã‚’è¨˜è¼‰ã—ã¦ã„ã¾ã™ã€‚ We produce edible miniature dishes. All of the kichien we use, cooking ingredients, small","3,350,000","593,315,620"
64,Kevin SooExtra!,https://youtube-ranking.userlocal.jp/user/E9776DCBCE430F1B_5c2417,https://www.youtube.com/channel/UCf9gtIJOT9In-grASWtxd0w,2020-05-13ã€œ,Why be average? When you could be sooo f%$king Extraaaaa!!!,"3,320,000","3,072,773,627"
65,ãƒãƒƒã‚­ãƒ¼,https://youtube-ranking.userlocal.jp/user/pockysweets_b90072,https://www.youtube.com/channel/UCzXjPL7zo0bxhOYDxLJ9YEg,2013-07-22ã€œ,ã©ã†ã‚‚ãƒãƒƒã‚­ãƒ¼ã§ã™ï¼ ã‚²ãƒ¼ãƒ å®Ÿæ³ã‚„è‰²ã€…ãªå‹•ç”»ã‚’æŠ•ç¨¿ã—ã¦ã„ã¾ã™ï¼ ã€Œã½ã¿ãã—ã‚‹ã€ã¨ã„ã†ã‚°ãƒ«ãƒ¼ãƒ—ã‚‚ä½œã‚Šã¾ã—ãŸï¼ ã‚ˆã‚ã—ããŠé¡˜ã„ã—ã¾ã™ï¼ é€£çµ¡å…ˆâ–ºpockysweets@gmail.com,"3,300,000","3,551,624,093"
66,å¹³æˆãƒ•ãƒ©ãƒŸãƒ³ã‚´,https://youtube-ranking.userlocal.jp/user/521AC28530B5B9D5_c4f1c1,https://www.youtube.com/channel/UCIOk-Q5kyDtSRaTIW7hIsng,2020-03-12ã€œ,çš†æ§˜ã€å¤§å¤‰ã“ã‚“ã°ã‚“ã¯ã€‚ çµå©šã§ããªã„å¥³é”ã¯æœãŸã—ã¦çµå©šã§ãã‚‹ã®ã§ã—ã‚‡ã†ã‹ï¼Ÿ æ˜¯éè¦‹å®ˆã£ã¦è¦‹ã¦ãã ã•ã„ã€‚ æ˜¯éã“ã¡ã‚‰ã®SNSã§ã‚ã¡ãã‚‰ã¨æ¡æ‰‹ğŸ¤ NICOã®SNS ã€TIKTOKã€‘ https://www.tiktok.com/@___nicoichi___ ã€instagramã€‘ https://www.instagram.com/___nicoichi___/?r=nametag ã€Twitterã€‘ https://twitter.com/___nicoichi___ RIHOã®SNS ã€ins,"3,270,000","1,031,350,182"
67,ARASHI,https://youtube-ranking.userlocal.jp/user/44D62691D5E9912D_3eaf81,https://www.youtube.com/channel/UCP7Gw_YZAuh4Yg2fcdcuumQ,2019-08-21ã€œ,åµ (ARASHI) : ç›¸è‘‰ é›…ç´€ - Masaki Aiba æ¾æœ¬ æ½¤ - Jun Matsumoto äºŒå®® å’Œä¹Ÿ - Kazunari Ninomiya å¤§é‡ æ™º - Satoshi Ohno æ«»äº• ç¿” - Sho Sakurai å¤§é‡æ™ºã€æ«»äº•ç¿”ã€ç›¸è‘‰é›…ç´€ã€äºŒå®®å’Œä¹Ÿã€æ¾æœ¬æ½¤ã®5åã§ 1999å¹´9æœˆ15æ—¥ã«ãƒãƒ¯ã‚¤æ²–ã§çµæˆã—ã€åŒå¹´11æœˆ3æ—¥ã«ã‚·ãƒ³ã‚°ãƒ«ã€ŒAãƒ»RAãƒ»SHIã€ã§ãƒ‡ãƒ“ãƒ¥ãƒ¼ã€‚,"3,260,000","786,905,472"
68,spider-maaaaaaan / ã‚¹ãƒ‘ã‚¤ãƒ€ãƒ¼ãƒ¡ãƒ¼ãƒ³,https://youtube-ranking.userlocal.jp/user/E1DA687ECBC949C6_e7174d,https://www.youtube.com/channel/UCP1vrClG-6iGuFq7ls_NBsw,2022-07-09ã€œ,"If I reach one million subscribers, I will take off the mask. ç™»éŒ²è€…100ä¸‡äººã§ãƒã‚¹ã‚¯ã‚’å¤–ã—ã¾ã™ã€‚","3,230,000","2,287,220,798"
69,MosoGourmet å¦„æƒ³ã‚°ãƒ«ãƒ¡,https://youtube-ranking.userlocal.jp/user/mosogourmet_2b00e6,https://www.youtube.com/channel/UC2zXd5Kq9Hu-_bwO1H7CD0g,2009-01-23ã€œ,"OddlySatisfying & subtle humor. We are MosoGourmet. MosoGourmet is an everyday video channel of the ordinary homes in Japan. People comment that our videos are ""calming,"" ""relaxing,"" and ""therapeutic."" ã¯ã˜ã‚ã¾ã—ã¦ï¼å¦„æƒ³ã‚°ãƒ«ãƒ¡ã§ã™ã€‚ å¦„æƒ³ã‚°ãƒ«ãƒ¡ã¯æ—¥å¸¸ç³»ãƒ•ã‚¡ãƒŸãƒªãƒ¼ãƒãƒ£ãƒ³ãƒãƒ«ã§ã™ã€‚ å­ã©ã‚‚ã«ä½œã£ãŸãŠè“","3,110,000","1,765,071,214"
70,å…„è€…å¼Ÿè€…,https://youtube-ranking.userlocal.jp/user/norunine_3a5f39,https://www.youtube.com/channel/UC2GuoutVyegg6PUK88lLpjw,2010-05-05ã€œ,â˜…æœ€æ–°æŠ•ç¨¿æƒ…å ±ã¯ãƒ„ã‚¤ãƒƒã‚¿ãƒ¼ã§ï¼ã€Š@Otojyaã€‹https://twitter.com/otojya â–¼2BRO.é–¢é€£ãƒãƒ£ãƒ³ãƒãƒ«ãƒªã‚¹ãƒˆ ã€å…„è€…å¼Ÿè€…ãƒãƒ£ãƒ³ãƒãƒ«ã€‘ https://www.youtube.com/user/norunine ã€å…„è€…ã®ã‚²ãƒ¼ãƒ äº‹å‹™æ‰€ã€‘ https://www.youtube.com/c/anijyagame ã€ãŠã¤ã„ã¡ Tubeã€‘ https://www.youtube.com/user/afuramazda0826 Welcome to 2BRO. Official Y,"3,100,000","4,258,701,988"
71,ã‚Œãƒ¼ã¨å…ˆç”ŸRATE VFX,https://youtube-ranking.userlocal.jp/user/2E62DE6ED2EC56A4_2a49a3,https://www.youtube.com/channel/UC8vlFSlvo5vtc_TNDNlSJwQ,2015-08-13ã€œ,"ã‚Œãƒ¼ã¨å…ˆç”Ÿã§ã™ã€‚ã‚²ãƒ¼ãƒ ã®å®Ÿå†™å†ç¾å‹•ç”»ãªã©ã‚’ä¸Šã’ã¦ã„ãã¾ã™ã€‚VFXã‚’ä½¿ã£ãŸãƒã‚¿å‹•ç”»ã‚’é€±ä¸€ãã‚‰ã„ã§æŠ•ç¨¿ã—ã¦ã„ãã¾ã™ã€‚ã‚ˆã‘ã‚Œã°ãƒãƒ£ãƒ³ãƒãƒ«ç™»éŒ²ã‚ˆã‚ã—ããŠé¡˜ã„ã—ã¾ã™ï¼ Thank you for your attention! I am a Japanese video producer, and I post new videos once a week. Your views, comments, and channel registrations are a constant source of m","3,100,000","1,025,351,126"
72,ã‚­ã‚ºãƒŠã‚¢ã‚¤,https://youtube-ranking.userlocal.jp/user/D780B63C2DEBA9A2_fa95ae,https://www.youtube.com/channel/UC4YaOt1yT-ZeyB0OmxHgolA,2016-10-19ã€œ,2016å¹´ã‹ã‚‰æ´»å‹•ã‚’é–‹å§‹ã€‚ã¯ã˜ã‚ã¦ãƒãƒ¼ãƒãƒ£ãƒ«YouTuberã‚’è‡ªç§°ã—ãŸã€‚è¦ªåˆ†ã¨å‘¼ã°ã‚Œã‚‹ã€‚,"3,060,000","444,582,164"
73,HIMAWARIã¡ã‚ƒã‚“ã­ã‚‹,https://youtube-ranking.userlocal.jp/user/himawari7859_d7ce9a,https://www.youtube.com/channel/UCJ98lzh2QJGp37QgWPUcwrQ,2014-04-06ã€œ,ã“ã®ãƒãƒ£ãƒ³ãƒãƒ«ã¯ã‚­ãƒƒã‚ºã‚„è¦ªå­ã§æ¥½ã—ã‚ã‚‹ãƒ•ã‚¡ãƒŸãƒªãƒ¼å‘ã‘å‹•ç”»ã‚’å…¬é–‹ã—ã¦ã„ã¾ã™ã€‚ ã¾ãƒ¼ã¡ã‚ƒã‚“11æ­³ã¨ãŠãƒ¼ã¡ã‚ƒã‚“8æ­³ãŒã€çŸ¥è‚²è“å­ãƒ»é£Ÿç©ãƒ»ãŠã‚‚ã¡ã‚ƒãƒ»å¦–æ€ªã‚¦ã‚©ãƒƒãƒãƒ»ã‚¢ãƒ³ãƒ‘ãƒ³ãƒãƒ³ãƒ»ãƒ¡ãƒ«ã¡ã‚ƒã‚“ãƒ»ãƒªã‚«ã¡ã‚ƒã‚“ãƒ»ã‚¬ãƒãƒ£ã‚¬ãƒãƒ£ãƒ»ãŠå‡ºæ›ã‘ï¼ˆå…¬åœ’ãƒ»ãƒ†ãƒ¼ãƒãƒ‘ãƒ¼ã‚¯ãƒ»æ°´æ—é¤¨ãƒ»å‹•ç‰©åœ’ãªã©ï¼‰ãƒ»ã‚¤ãƒ™ãƒ³ãƒˆï¼ˆèª•ç”Ÿæ—¥ãƒ»ç¯€åˆ†ãªã©ï¼‰ã€‘ãªã©ã‚’æ°—ã¾ã¾ã«ç´¹ä»‹ã—ã¦ã„ã¾ã™ã€‚ æ™‚ã€…ã«ãƒã«ï¼ˆé•·ç”·ï¼‰ã¨ã­ã‡ã­ï¼ˆé•·å¥³ï¼‰ã‚„ãƒ‘ãƒ‘ãƒãƒãªã©ãŒå‡ºã¾ã™ã€‚ ã«ãƒã«ã¨ã­ã‡ã­ã¯ã¾ãƒ¼ã¡ã‚ƒã‚“ãŠãƒ¼ã¡ã‚ƒã‚“ã®æœ¬å½“ã®å…„å¦¹ã§ã™â˜†ï¼ˆæœ€è¿‘ã‚ˆãè³ªå•ã„ãŸã ãã®ã§wï¼‰å› ã¿ã«ãƒ‘ãƒ‘ã¨ãƒãƒã¯çµå©š21å¹´ã§ã™ï¼¾ï¼¾,"3,050,000","7,583,358,616"
74,æœå€‰æœªæ¥ Mikuru Asakura,https://youtube-ranking.userlocal.jp/user/117B2621914380C8_3682b0,https://www.youtube.com/channel/UCJZVj2iBrdvbNc416i0V-UA,2018-05-13ã€œ,,"3,030,000","1,374,124,774"
75,Officialé«­ç”·dism,https://youtube-ranking.userlocal.jp/user/officialhigedand_887275,https://www.youtube.com/channel/UC3vg17IZ1IV73xx069jG44w,2012-07-08ã€œ,ã€ŒOfficialé«­ç”·dismã€ï¼ˆã‚ªãƒ•ã‚£ã‚·ãƒ£ãƒ«ãƒ’ã‚²ãƒ€ãƒ³ãƒ‡ã‚£ã‚ºãƒ ï¼‰ 2012 å¹´ çµæˆã€æ„›ç§°ã¯ã€Œãƒ’ã‚²ãƒ€ãƒ³ã€ã€‚ ã“ã®ãƒãƒ³ãƒ‰åã«ã¯é«­ã®ä¼¼åˆã†æ­³ã«ãªã£ã¦ã‚‚ã€èª°ã‚‚ãŒãƒ¯ã‚¯ãƒ¯ã‚¯ã™ ã‚‹ã‚ˆã†ãªéŸ³æ¥½ã‚’ã“ã®ãƒ¡ãƒ³ãƒãƒ¼ã§ãšã£ã¨ç¶šã‘ã¦è¡ŒããŸã„ã¨ã„ã†æ„æ€ãŒè¾¼ã‚ã‚‰ã‚Œã¦ã„ã‚‹ã€‚ 2015å¹´4æœˆ1stãƒŸãƒ‹ã‚¢ãƒ«ãƒãƒ ã€Œãƒ©ãƒ–ã¨ãƒ”ãƒ¼ã‚¹ã¯å›ã®ä¸­ã€ã‚’ãƒªãƒªãƒ¼ã‚¹ã—ã€ãƒ‡ãƒ“ãƒ¥ãƒ¼ã€‚ 2018å¹´4æœˆMajor 1st Singleã€Œãƒãƒ¼ãƒ€ã‚¦ãƒˆã€ã§ãƒ¡ã‚¸ãƒ£ãƒ¼ãƒ‡ãƒ“ãƒ¥ãƒ¼ã‚’æœãŸã—ãŸã€‚ ãƒ–ãƒ©ãƒƒã‚¯ãƒŸãƒ¥ãƒ¼ã‚¸ãƒƒã‚¯ã‚’ã¯ã˜ã‚ã€æ§˜ã€…ãªã‚¸ãƒ£ãƒ³ãƒ«ã‚’ãƒ«ãƒ¼ãƒ„ã¨ã—ãŸéŸ³æ¥½ã§å…¨ä¸–ä»£ã‹ã‚‰æ”¯æŒã‚’é›†,"3,020,000","2,350,385,832"
76,kobasolo,https://youtube-ranking.userlocal.jp/user/Hujikoman_57e448,https://www.youtube.com/channel/UCDbQblY1XASbgqOXmy6FOFQ,2008-06-30ã€œ,æ¯é€±é‡‘æ›œ19æ™‚æ›´æ–°!!éŸ³æ¥½ãƒ—ãƒ­ãƒ‡ãƒ¥ãƒ¼ã‚µãƒ¼ã€ãƒŸãƒ¥ãƒ¼ã‚¸ã‚·ãƒ£ãƒ³ã¨ã—ã¦æ´»å‹•ã™ã‚‹ã‚³ãƒã‚½ãƒ­ãŒè´ˆã‚‹ã‚¨ãƒ³ã‚¿ãƒ¼ãƒ†ã‚¤ãƒ¡ãƒ³ãƒˆãƒãƒ£ãƒ³ãƒãƒ«! æ¥½æ›²åˆ¶ä½œã€ã‚¿ã‚¤ã‚¢ãƒƒãƒ—ç­‰ã‚‚æ‰¿ã£ã¦ã„ã¾ã™ã€‚ ã€ã‚³ãƒã‚½ãƒ­ã€‘ ã€€æ¼”å¥ã€ä½œè©ä½œæ›²ã€ç·¨æ›²ã€æ’®å½±ã€å‹•ç”»ä½œæˆã€å„ãƒ‡ã‚¶ã‚¤ãƒ³ãªã©ã™ã¹ã¦è‡ªèº«ã§æ‰‹ãŒã‘ã‚‹ãƒãƒ«ãƒã‚¯ãƒªã‚¨ã‚¤ã‚¿ãƒ¼ã€‚ ã€Œã‚³ãƒã‚½ãƒ­ã€ã¨æ¤œç´¢ã™ã‚‹ã¨è‡ªåˆ†ã—ã‹å‡ºãªã„ã®ã§åå‰ãŒã“ã‚Œã«æ±ºå®šã€‚ ã€€ãƒ©ã‚¤ãƒ–ã€YOUTUBEå‹•ç”»ãªã©ã§æ´»å‹•ä¸­! ç„¡æ‰€å± I live in Japan and I make music.Everything you see + hear o,"3,020,000","1,446,852,498"
77,ANNnewsCH,https://youtube-ranking.userlocal.jp/user/ANNnewsCH_e4dc13,https://www.youtube.com/channel/UCGCZAYq5Xxojl_tSXcVJhiQ,2009-09-10ã€œ,ãƒ†ãƒ¬ãƒ“å±€ãªã‚‰ã§ã¯ã®æ­£ç¢ºãªãƒ‹ãƒ¥ãƒ¼ã‚¹ãƒ»æƒ…å ±ã‚’ã‚¹ãƒ”ãƒ¼ãƒ‡ã‚£ãƒ¼ã«é«˜ç”»è³ªã§!!ãƒ†ãƒ¬ãƒ“æœæ—¥ç³»åˆ—26å±€ãŒç·åŠ›ã‚’æŒ™ã’å–æã—ãŸãƒ‹ãƒ¥ãƒ¼ã‚¹ã¯ã‚‚ã¡ã‚ã‚“ã€å¤©æ°—äºˆå ±ã‚„æ³¨ç›®ã®è¨˜è€…ä¼šè¦‹ã€ãƒ©ã‚¤ãƒ–é…ä¿¡ãªã©ç››ã‚Šã ãã•ã‚“ï¼ Note: The news script automatically converted to audio will be our original news and/or officially licensed news written by professional journalists. The final,"2,970,000","2,990,671,045"
78,Miniature Cusina,https://youtube-ranking.userlocal.jp/user/3E6E2201D8BC27D5_959f75,https://www.youtube.com/channel/UCbtgvc9joz_6xBr4OLoy0iA,2015-03-17ã€œ,Miniature Cusinaã¯ã€å®Œå…¨ã«æ©Ÿèƒ½ã™ã‚‹ãƒŸãƒ‹ãƒãƒ¥ã‚¢ã‚­ãƒƒãƒãƒ³ã§èª¿ç†ã•ã‚ŒãŸã€æœ¬ç‰©ã®é£Ÿæã‚’ä½¿ç”¨ã—ã¦é£Ÿç”¨ã®æœ¬ç‰©ã®ãƒŸãƒ‹ãƒãƒ¥ã‚¢æ–™ç†ã‚’ä½œã‚‹ã‚ªãƒ³ãƒ©ã‚¤ãƒ³ã®å°ã•ãªæ–™ç†ç•ªçµ„ã§ã™ã€‚ 2015å¹´3æœˆ17æ—¥é–‹å§‹ã€‚ ãƒŸãƒ‹ãƒãƒ¥ã‚¢ã‚¯ã‚·ãƒ¼ãƒŠã¯ã€å®Ÿéš›ã®ã‚­ãƒƒãƒãƒ³ãƒ„ãƒ¼ãƒ«ã‚„ç«ã€ãƒŠã‚¤ãƒ•ã€ãƒ¬ã‚·ãƒ”ã‚’å‚™ãˆãŸæ©Ÿå™¨ãŒåˆ©ç”¨ã•ã‚Œã¦ã„ã‚‹ã“ã¨ã‚’è€ƒãˆã‚‹ã¨ã€å®Ÿéš›ã«ã¯å­ä¾›å‘ã‘ã®è¡Œç‚ºã‚’æ„å›³ã—ãŸã‚‚ã®ã§ã¯ã‚ã‚Šã¾ã›ã‚“ã€‚ ãƒŸãƒ‹ãƒãƒ¥ã‚¢ã‚¯ã‚·ãƒ¼ãƒŠã¯ã€ãƒŸãƒ‹ã‚­ãƒƒãƒãƒ³ã®å¾Œã‚ã«ã„ã‚‹æ–™ç†äººãŒä½“é¨“ã—ã¦ã„ã‚‹ã“ã®æ´»å‹•ãŒã‚‚ãŸã‚‰ã™å–œã³ã¨è½ã¡ç€ãã‚’äººã€…ã«ä¼ãˆã€æ„Ÿã˜ã•ã›ãŸã„ã¨è€ƒãˆã¦ã„ã¾ã™ã€‚ã„ã¤,"2,970,000","492,884,493"
79,20sarasaï¼ˆã«ãƒ¼ã•ã‚‰ï¼‰,https://youtube-ranking.userlocal.jp/user/20sarasa_9ce073,https://www.youtube.com/channel/UC9D6GpfD8DAG-NVF6Dv896Q,2009-12-26ã€œ,YouTubeãƒãƒ£ãƒ³ãƒãƒ«ã€Œ20sarasaï¼ˆã«ãƒ¼ã•ã‚‰ï¼‰ã€ã§ã™(^^) ãƒãƒ£ãƒ³ãƒãƒ«åã«ç‰¹ã«æ„å‘³ã¯ãªã„ã®ã§ã™ãŒã€ã€Œ20ä¸–ç´€ã€ï¼‹ã€Œæ˜”é£¼ã£ã¦ã„ãŸçŒ«ã®åå‰ã€ã‚’è¶³ã—ã¦ã€ã€Œ20sarasaã€ã¨ã„ã†ãƒãƒ£ãƒ³ãƒãƒ«åã«ãªã‚Šã¾ã—ãŸã€‚ ï¼ˆå…ƒã€…ã¯YouTubeã‚’è¦‹ã‚‹ãŸã‚ã ã‘ã«é–‹è¨­ã—ãŸã‚¢ã‚«ã‚¦ãƒ³ãƒˆãªã®ã§ã€æ„å‘³ã‚’ä»˜ã‘ã¦ç«‹ã¡ä¸Šã’ãŸãƒãƒ£ãƒ³ãƒãƒ«åã§ã¯ã‚ã‚Šã¾ã›ã‚“ï¼‰ 1970å¹´ä»£ç”Ÿã¾ã‚Œã®40ä»£ã®ãŠã£ã•ã‚“ï¼ˆæ—¢å©šã€æ¯å­ãŒ1äººï¼‰ãŒã€æ‰‹æŒã¡ã®ãƒŸãƒ‹ã‚«ãƒ¼ãªã©ã‚’ç´¹ä»‹ã™ã‚‹ãƒãƒ£ãƒ³ãƒãƒ«ã§ã™ã€‚ ä»¥å‰ã€å¤§å‹è»Šã‚„é‡æ©Ÿãªã©ã®ä¿®ç†ã‚’ã—ã¦ã„ã¾ã—ãŸã®ã§ã€é‡æ©Ÿã‚„å¤§å‹è»Šã«ã¤ã„,"2,960,000","1,734,765,532"
80,Marble ASMR healing,https://youtube-ranking.userlocal.jp/user/14E0D9AA055265A9_7998c9,https://www.youtube.com/channel/UCsNwOM-iYxUkeIT3mW2RPZg,2019-04-23ã€œ,We use wooden parts and marbles to create videos that people over the age of 13 will find fun or healed. Please enjoy the colorful and unique videos. æˆ‘ã€…ã¯ã€æœ¨è£½ã®éƒ¨å“ã‚„ãƒ“ãƒ¼ç‰ã‚’ä½¿ç”¨ã—ã¦13æ­³ä»¥ä¸Šã®æ–¹ãŒæ¥½ã—ã„ã€ã¾ãŸã¯ç™’ã•ã‚Œã‚‹ã¨æ„Ÿã˜ã¦ã‚‚ã‚‰ãˆã‚‹å‹•ç”»ã‚’ä½œæˆã—ã¦ãŠã‚Šã¾ã™ã€‚ ã‚«ãƒ©ãƒ•ãƒ«ã§ãƒ¦ãƒ‹ãƒ¼ã‚¯ãªå‹•ç”»ã‚’ãœã²ãŠæ¥½ã—ã¿ãã ã•ã„ã€‚,"2,950,000","1,173,429,910"
81,æ±æµ·ã‚ªãƒ³ã‚¨ã‚¢ã®æ§ãˆå®¤,https://youtube-ranking.userlocal.jp/user/TokaiHikaesitsu_074e75,https://www.youtube.com/channel/UCynIYcsBwTrwBIecconPN2A,2014-06-23ã€œ,æ’®å½±ã®è£å´ã‚„ãƒ¡ãƒ³ãƒãƒ¼ã®æ—¥å¸¸ãªã©ã€å¤šç¨®å¤šæ§˜ãªå‹•ç”»ãŒç›®ç™½æŠ¼ã—ï¼ ãã‚ŒãŒã“ã®ã‚µãƒ–ãƒãƒ£ãƒ³ãƒãƒ«ã€æ±æµ·ã‚ªãƒ³ã‚¨ã‚¢ã®æ§ãˆå®¤ã€‘ã§ã‚ã‚‹ï¼ ãƒ¡ã‚¤ãƒ³ãƒãƒ£ãƒ³ãƒãƒ«ã¯ã“ã¡ã‚‰ https://www.youtube.com/channel/UCutJqz56653xV2wwSvut_hQ ã‚°ãƒƒã‚ºè³¼å…¥ã¯ã“ã¡ã‚‰ã‹ã‚‰ï¼ï¼ https://goo.gl/YtauZW ãŠä»•äº‹ã®ä¾é ¼ã¯ã“ã¡ã‚‰ã‹ã‚‰ https://www.uuum.co.jp/inquiry_promotion ãƒ•ã‚¡ãƒ³ãƒ¬ã‚¿ãƒ¼ã¯ã“ã¡ã‚‰ã¸ ã€’107-6228 æ±äº¬éƒ½æ¸¯åŒºèµ¤å‚9-,"2,930,000","2,658,370,515"
82,ãƒ–ãƒ©ã‚¤ã‚¢ãƒ³ãƒãƒ£ãƒ³ãƒãƒ«,https://youtube-ranking.userlocal.jp/user/5BEC989E0B41A627_999d7b,https://www.youtube.com/channel/UCpZnHxjKCAOm-FKPrYYi-LA,2014-12-21ã€œ,,"2,930,000","965,510,846"
83,PokÃ©mon Kids TV,https://youtube-ranking.userlocal.jp/user/F862D644CA9ED8B7_890d8c,https://www.youtube.com/channel/UCgbfG5HoczHIkpzxLYH-8Ww,2020-12-16ã€œ,"Welcome to the official PokÃ©mon YouTube learning channel, where you'll find videos geared towards kids. We are your one source for PokÃ©mon sing-along videos, popular nursery rhymes, and educational content designed to foster learning among PokÃ©mon-lo","2,910,000","639,830,406"
84,ã¯ã˜ã‚ã—ã‚ƒã¡ã‚‡ãƒ¼2 (hajime),https://youtube-ranking.userlocal.jp/user/hajimexgame_fd2a01,https://www.youtube.com/channel/UCgXyMl3Y2kRHkK08F_Ct8Pg,2012-10-25ã€œ,ã“ã‚“ã«ã¡ã‚!!ã¯ã˜ã‚ã—ã‚ƒã¡ã‚‡ãƒ¼ã§ã™!! ã“ã¡ã‚‰ã®ãƒãƒ£ãƒ³ãƒãƒ«ã§ã¯ã‚²ãƒ¼ãƒ å®Ÿæ³å‹•ç”»ã‚„æœ¬ãƒãƒ£ãƒ³ãƒãƒ«ã§ã¯å‡ºã•ãªã„ã‚ˆã†ãªãã ã‚‰ãªã„å‹•ç”»ã‚’å‡ºã—ã¦ã„ãã¾ã™(#^.^#),"2,830,000","1,099,830,065"
85,Warner Music Japan,https://youtube-ranking.userlocal.jp/user/warnermusicjapan_4e0b24,https://www.youtube.com/channel/UCfb-Ly0RXaUGxglFJmPji1g,2006-10-31ã€œ,ï¼ˆæ ªï¼‰ãƒ¯ãƒ¼ãƒŠãƒ¼ãƒŸãƒ¥ãƒ¼ã‚¸ãƒƒã‚¯ãƒ»ã‚¸ãƒ£ãƒ‘ãƒ³ã®å…¬å¼YouTubeãƒãƒ£ãƒ³ãƒãƒ«ã§ã™ã€‚ æœ€æ–°Music Videoã¯ã“ã“ã§ãƒã‚§ãƒƒã‚¯ï¼,"2,770,000","1,938,036,224"
86,Chocolate Cacao ãƒãƒ§ã‚³ãƒ¬ãƒ¼ãƒˆã‚«ã‚«ã‚ª,https://youtube-ranking.userlocal.jp/user/3B3C75B4AAFB4DFF_b2e017,https://www.youtube.com/channel/UCqzebzc9N19X3MVFnuFYtRw,2014-09-18ã€œ,"Cacao!! âˆ´âˆµã‚(Â´Ï‰`*)â™ª Welcome to ""Chocolate cacao"" channel. This channel introduces how to make attractive chocolate sweets. Please, subscribe to my channel. ä¸»ã«ãƒãƒ§ã‚³ãƒ¬ãƒ¼ãƒˆã€ã‚¹ã‚¤ãƒ¼ãƒ„ã€ãŠè“å­ã€æ–™ç†ã‚’ä½œã£ã¦ã„ã‚‹ã ã‘ã®ãƒãƒ£ãƒ³ãƒãƒ«ã§ã™ã€‚ æŠ•ç¨¿è€…åã¯SEIJIN(ã›ãƒ¼ã˜ã‚“)ã§ã™ã€‚ã‚«ã‚«ã‚ªã•ã‚“ã¨å‘¼ã¶äººãŒå¤šã„ã§ã™ãŒã€å¥½ãã«å‘¼ã‚“ã§ãã ã•ã„â™ª( Â´Î¸ï½€)ãƒ ãƒãƒ£","2,760,000","258,327,780"
87,Fischer's-ã‚»ã‚«ãƒ³ãƒ€ãƒª-,https://youtube-ranking.userlocal.jp/user/FAEFA1D7E99A5901_ae537e,https://www.youtube.com/channel/UCs4KWxdP-lRc-dgLXE5i8Wg,2014-12-03ã€œ,ãƒãƒ£ãƒ³ãƒãƒ«èª¬æ˜ã¯ã“ã¡ã‚‰âœ¨ é‡å¤–ã§éŠã‚“ã ã‚Šå®¤å†…ã§éŠã‚“ã ã‚Šã€‚æµ·å¤–ã¸å†’é™ºã—ãŸã‚Šã€‚æ™‚ã«ã¯æã‚ã—ã„å ´æ‰€ã¸â€¦ğŸ˜± ä¸­å­¦3å¹´ã®é ƒã«ã€Œæ€ã„å‡ºã€ã‚’å‹•ç”»ã«ã—ãŸäº‹ã‹ã‚‰å§‹ã¾ã£ãŸã€åŒç´šç”Ÿ6äººçµ„ã«ã‚ˆã‚‹æ€ã„å‡ºç³»ãƒãƒƒãƒˆãƒ‘ãƒ•ã‚©ãƒ¼ãƒãƒ¼ã§ã™ã€‚YouTubeãªã©ã§æ´»å‹•ä¸­ï¼æ±ºã¾ã‚Šæ–‡å¥ã¯ã€Œã‚¢ãƒ‡ãƒ¥ãƒ¼â€¼ï¸ã€ãƒ•ã‚¡ãƒ³ã®å‘¼ç§°ã¯ã€Œã‚¦ã‚ªã‚¿ãƒŸã€2010å¹´02æœˆ25æ—¥çµæˆğŸ˜† ã‚»ã‚«ãƒ³ãƒ€ãƒªã§ã¯ã€ ã¾ã£ãŸã‚Šã‚†ã£ãã‚Šã¨ã—ã¦è¦‹ã‚‰ã‚Œã‚‹ã‚ˆã†ãªå‹•ç”»... æ­Œã‚„ã‚²ãƒ¼ãƒ å®Ÿæ³ã‚‚ã‚¢ãƒƒãƒ—ã—ã¦ã¾ã™ï¼ ãœã²è¦‹ã¦ãã ã•ã„!!! â– ãƒãƒ£ãƒ³ãƒãƒ«ã®æ­´å² 2010/02/25 ä¸­å­¦æ ¡ã®å’æ¥­å¼ã®æ—¥ã«,"2,740,000","1,908,519,608"
88,Learn Japanese with JapanesePod101.com,https://youtube-ranking.userlocal.jp/user/japanesepod101_a5dd55,https://www.youtube.com/channel/UC0ox9NuTHYeRys63yZpBFuA,2006-08-07ã€œ,"Learn Japanese with JapanesePod101.com - The Fastest, Easiest and Most Fun Way to Learn Japanese. :) Start speaking Japanese in minutes with Audio and Video lessons. JapanesePod101.com is an online Japanese language learning website. With us you'll l","2,720,000","838,057,764"
89,ã¾ã„ãœã‚“ã‚·ã‚¹ã‚¿ãƒ¼ã‚º,https://youtube-ranking.userlocal.jp/user/8E9C881D43C0B0EA_dfa8e9,https://www.youtube.com/channel/UCM3yhFc0-fBFuvqx1Vg2YNQ,2015-05-16ã€œ,ã¾ã„ãœã‚“ã‚·ã‚¹ã‚¿ãƒ¼ã‚ºã¨ã¯ã€YouTubeã‹ã‚‰ç”Ÿã¾ã‚ŒãŸã‚­ãƒ£ãƒ©ã‚¯ã‚¿ãƒ¼ã€‚ ã‚¢ãƒ‹ãƒ¡ãƒ¼ã‚·ãƒ§ãƒ³ã‚’ä½œæˆã—ã€ ã€èª°ã‚‚ãŒå¤§åˆ‡ãªäººã¨ä¸€ç·’ã«æ€ã„å‡ºã‚’ä½œã‚‹ãã£ã‹ã‘ã‚’æä¾›ã™ã‚‹ã“ã¨ã€ ã‚’ç›®æ¨™ã«ã—ã¦ã„ã¾ã™ã€‚ ãŠå•ã„åˆã‚ã›ã¯ã“ã¡ã‚‰ã‹ã‚‰ãŠé¡˜ã„ã„ãŸã—ã¾ã™ã€‚ â†’ã€€https://maizen.com/ja/contact/,"2,710,000","5,845,571,162"
90,ã‚³ãƒ­ãƒãŠã˜ã•ã‚“ / Uncle Corone,https://youtube-ranking.userlocal.jp/user/coroneojisan_d896ce,https://www.youtube.com/channel/UCLEOVYF-eVtj20KfYlIUr-Q,2013-04-21ã€œ,ã‚³ãƒ­ãƒãŠã˜ã•ã‚“ã§ã™ã€‚ ãƒãƒ£ãƒ³ãƒãƒ«ç™»éŒ²ã—ã¦ã‚‚ã‚‰ãˆã‚‹ã¨ã†ã‚Œã—ã„ã§ã™ï¼,"2,710,000","1,389,322,612"
91,ãŸãƒ¼ãŸã‚“ã­ã‚‹,https://youtube-ranking.userlocal.jp/user/C6BDC8C6F69B9383_6dad99,https://www.youtube.com/channel/UCPH3UFJx-Mj21bOFBeWvRjQ,2016-12-31ã€œ,"Playground family fun for kids. Join Playground for kids on a family fun Huge Indoor Playground just for Kids! there are doctor toy playset and cooking toys, a super mega bounce house area, slides, trampoline and much more in this Kids Play Center ha","2,710,000","142,158,616"
92,japanesestuffchannel,https://youtube-ranking.userlocal.jp/user/japanesestuffcha_acd1b2,https://www.youtube.com/channel/UCTzy4FQNreZnkPG7ZlkTA0g,2013-04-28ã€œ,"Welcome to Weird Japan! Welcome to Japanese Stuff Channel(call me jsc)! This channel shows Japanese stuffs like vending machines, gacha(gashapon), Kitchen Gadgets, Convenience Foods(711 foods), Cup Noodles and so on. In short, I show Japanese kawaii,","2,650,000","1,455,319,391"
93,Rachel and Jun,https://youtube-ranking.userlocal.jp/user/MyHusbandisJapan_68ba79,https://www.youtube.com/channel/UC4yqcgz49APdbgj0OMv7jpA,2012-02-16ã€œ,ãŠç«‹ã¡å¯„ã‚Šã„ãŸã ãã€ã‚ã‚ŠãŒã¨ã†ã”ã–ã„ã¾ã™ã€‚ã“ã®ãƒãƒ£ãƒ³ãƒãƒ«ã§ã¯ä¸»ã«æ—¥æœ¬ã«é–¢ã™ã‚‹ã“ã¨ã‚’è‹±èªã¨æ—¥æœ¬èªã§ç´¹ä»‹ã—ã¦ã„ã¾ã™ã€‚å†…å®¹ã¯è·äººã•ã‚“å–æã€æ—¥æœ¬äººï¼ˆor åœ¨æ—¥å¤–å›½äººï¼‰ã‚¤ãƒ³ã‚¿ãƒ“ãƒ¥ãƒ¼ã€ã‚«ãƒ«ãƒãƒ£ãƒ¼ã‚·ãƒ§ãƒƒã‚¯ã€æ—¥æœ¬èªã¨è‹±èªã®é•ã„ã€æ—¥æœ¬å›½å†…æ—…è¡Œï¼ˆæ™‚ã€…æµ·å¤–æ—…è¡Œï¼‰ãªã©ãŒä¸»ãªå†…å®¹ã§ã™ã€‚ã€€æ—…è¡Œã¯å…¨å›½47éƒ½é“åºœçœŒã‚’ã‚ãã‚‹ã®ãŒæœ€çµ‚ç›®æ¨™ã§ã™ï¼ˆç¾åœ¨ã¯åŠæ•°ã»ã©å·¡ã‚Šã¾ã—ãŸï¼‰ã€‚ãŠã‚¹ã‚¹ãƒ¡ã®å ´æ‰€ã‚„è·äººã•ã‚“ã®å–æã«é–¢ã—ã¾ã—ã¦ã€ã”æ„è¦‹ãƒ»ã”æ„Ÿæƒ³ãªã©ã‚ã‚Šã¾ã—ãŸã‚‰ã€æ°—è»½ã«ã‚³ãƒ¡ãƒ³ãƒˆã—ã¦ä¸‹ã•ã„ã€‚^^ã€€å‹•ç”»ã¯Rachel(ã‚¢ãƒ¡ãƒªã‚«äºº)ã¨ã€Jun(æ—¥æœ¬äºº)ã®,"2,610,000","359,476,977"
94,Hinata Kato /ã²ãªã¡ã‚ƒã‚“ã­ã‚‹,https://youtube-ranking.userlocal.jp/user/8BDDAC7B08F490D4_d2cb8e,https://www.youtube.com/channel/UCC0JWiw4BJYR4NUDxQCf0Hg,2017-05-24ã€œ,"ä¸­å­¦ç”Ÿã®é ƒã«MAX62kgè¶Šãˆ 19æ­³ã®é ƒã«1äººæš®ã‚‰ã—ã‚’ã¯ã˜ã‚53kgè¶Šãˆã®ãƒªãƒã‚¦ãƒ³ãƒ‰ã€‚ ã“ã‚Œã¾ã§ã®ãƒ€ã‚¤ã‚¨ãƒƒãƒˆã®çµŒé¨“ã€ã‚³ãƒ³ãƒ—ãƒ¬ãƒƒã‚¯ã‚¹ã®çµŒé¨“ã‚’ç”Ÿã‹ã—ãƒ€ã‚¤ã‚¨ãƒƒãƒˆæƒ…å ±ã‚„ç¾å®¹æƒ…å ±ã‚’ç™ºä¿¡ã—ã¦ãŠã‚Šã¾ã™ï¼ğŸ¥ ãƒˆãƒ¬ãƒ¼ãƒ‹ãƒ³ã‚°ã®ãƒ¢ãƒãƒ™ãƒ¼ã‚·ãƒ§ãƒ³ã‚„ã€ãƒœãƒ‡ã‚£ãƒ¼ãƒ¡ã‚¤ã‚¯ã®ãƒ¯ã‚¯ãƒ¯ã‚¯ã‚’ ãŸã£ãã•ã‚“ã®äººã«å±Šã‘ã‚‰ã‚Œã‚‹ã‚ˆã†ã«é ‘å¼µã‚Šã¾ã™ï¼ï¼ï¼ I weighed more than 62 kgs during junior high but managed to lose weight. Then at 19, I started li","2,600,000","559,681,173"
95,Pä¸¸æ§˜ã€‚,https://youtube-ranking.userlocal.jp/user/21DAAE7767C699C6_3ae034,https://www.youtube.com/channel/UCLqCmbd6bgcLaBVz3aA-68A,2016-03-04ã€œ,ã‚¤ãƒ©ã‚¹ãƒˆã¨å£°ã§éŠã‚“ã§ã‚‹ã²ã¨ã§ã™ ä»²è‰¯ãã—ã¦ãã ã•ã„ğŸ£ Twitterã§è©±ã—ã‹ã‘ã¦ãã‚Œã‚‹ã¨å–œã³ã¾ã™ï¼ï¼ï¼ï¼ï¼ Twitterâ–¼â–½ https://twitter.com/p_ma_ru ã‚µãƒ–å¢â–¼â–½ https://www.youtube.com/channel/UCjMoVy70DWAoYmTwcAvzzhA,"2,590,000","2,112,005,335"
96,ãƒ¨ãƒ«ã‚·ã‚« / n-buna Official,https://youtube-ranking.userlocal.jp/user/C5C3FE10679260DC_e5c7f1,https://www.youtube.com/channel/UCRIgIJQWuBJ0Cv_VlU3USNA,2013-03-22ã€œ,ãƒ¨ãƒ«ã‚·ã‚« / n-buna official channel,"2,590,000","1,492,019,952"
97,AKB48,https://youtube-ranking.userlocal.jp/user/AKB48_e86297,https://www.youtube.com/channel/UCxjXU89x6owat9dA8Z-bzdw,2006-06-10ã€œ,AKB48 ã® YouTube å…¬å¼ãƒãƒ£ãƒ³ãƒãƒ«ã€‚æ—¥æœ¬å›½å†…ã¯ã‚‚ã¡ã‚ã‚“ä¸–ç•Œã®ãƒ•ã‚¡ãƒ³ã®æ–¹ã€…ã«ã‚‚ã€ã‚‚ã£ã¨ AKB48 ã‚’èº«è¿‘ãªå­˜åœ¨ã«ãªã£ã¦é ‚ãã€ã‚‚ã£ã¨ã‚‚ã£ã¨å¥½ãã«ãªã£ã¦æ¬²ã—ã„ã¨ã„ã†æƒ³ã„ã‚’è¾¼ã‚ã¦ã€ä¸–ç•Œä¸­ã«å…¬å¼é…ä¿¡ï¼,"2,570,000","2,182,937,594"
98,ã‚¸ãƒ¥ã‚­ãƒ¤/Jukiya,https://youtube-ranking.userlocal.jp/user/400EB4A4BBEC820E_eb8b82,https://www.youtube.com/channel/UCyFs_R4WYYUGYVzcnJyMHqg,2017-02-26ã€œ,ã”è¦–è´ã‚ã‚ŠãŒã¨ã†ã”ã–ã„ã¾ã™!! æ—¥ã€…æ–‡å¥ã‚’è¨€ã£ã¦ãŠã‚Šã¾ã™ãŒã€ãƒã‚¿ã§ã™ã®ã§ç†±ããªã‚‰ãªã„ã‚ˆã†ã«ã€‚ ã‚µãƒ–ãƒãƒ£ãƒ³ãƒãƒ«â¡ï¸https://www.youtube.com/channel/UCJ4KA3XGizt-aNPjp4R_xyA ã€ãƒãƒ£ãƒ³ãƒãƒ«ç™»éŒ²ã€‘ https://www.youtube.com/channel/UCyFs_R4WYYUGYVzcnJyMHqg ã€Twitterã‚¢ã‚«ã‚¦ãƒ³ãƒˆã€‘ ã‚¸ãƒ¥ã‚­ãƒ¤â¡ï¸https://twitter.com/sentakusiyouka ã€ãŠä»•äº‹ä¾é ¼ã¯ã“ã¡ã‚‰ã€‘ ju,"2,550,000","729,719,532"
99,Goose house,https://youtube-ranking.userlocal.jp/user/playyouhousejp_746d47,https://www.youtube.com/channel/UCFDL0NuxUBAvvu1PnIwW2ww,2010-07-01ã€œ,ã€ŠGoose houseå…¬å¼ãƒãƒ£ãƒ³ãƒãƒ«ã€‹ ã‚·ãƒ³ã‚¬ãƒ¼ã‚½ãƒ³ã‚°ãƒ©ã‚¤ã‚¿ãƒ¼ã®ãƒ¦ãƒ‹ãƒƒãƒˆã€ Goose house (ã‚°ãƒ¼ã‚¹ãƒã‚¦ã‚¹)ã€‚ official :http://goosehouse.jp official :Twitter:GoosehouseJP Facebook:Goosehouse.jp ç¾ãƒ¡ãƒ³ãƒãƒ¼ï¼šç«¹æ¸•æ…¶ï¼Kei Takebuchiã€å·¥è—¤ç§€å¹³ï¼Shuhei Kudo é½Šè—¤ã‚¸ãƒ§ãƒ‹ãƒ¼ï¼Johnny Saitoã€ãƒãƒŠãƒŸï¼Manamiã€æ²™å¤œé¦™ï¼Sayakaã€æ¸¡è¾ºä¿®å¹³ï¼Shuhei Watanabe,"2,540,000","1,462,150,756"
